,lat,lon,radiative_,sat,acqdate,acqtime,sensor,state,district
2,30.421,74.374,17.3,mod,2023-10-30,14:M3:55,A,PB,MUKTSAR
3,30.579,76.469,16.4,mod,2023-10-30,14:M3:55,A,PB,FATEHGARH SAHIB
4,30.733,76.462,19.5,mod,2023-10-30,14:M3:55,A,PB,FATEHGARH SAHIB
5,30.3,75.319,23.8,mod,2023-10-30,14:M3:55,A,PB,BATHINDA
6,30.938,76.151,18.4,mod,2023-10-30,14:M3:55,A,PB,LUDHIANA
7,30.395,75.224,23.4,mod,2023-10-30,14:M3:55,A,PB,BATHINDA
8,30.185,75.815,34.7,mod,2023-10-30,14:M3:55,A,PB,SANGRUR
9,30.179,75.803,12.8,mod,2023-10-30,14:M3:55,A,PB,SANGRUR
10,30.324,75.813,10.2,mod,2023-10-30,14:M3:55,A,PB,SANGRUR
11,31.131,74.54,35.3,mod,2023-10-30,14:M3:55,A,PB,TARN TARAN
12,30.28,76.163,19.9,mod,2023-10-30,14:M3:55,A,PB,SANGRUR
13,30.349,76.509,39.4,mod,2023-10-30,14:M3:55,A,PB,PATIALA
14,30.351,76.532,19.1,mod,2023-10-30,14:M3:55,A,PB,PATIALA
15,30.351,76.514,52.7,mod,2023-10-30,14:M3:55,A,PB,PATIALA
16,31.042,74.773,16.1,mod,2023-10-30,14:M3:55,A,PB,FIROZPUR
17,30.977,74.585,15.9,mod,2023-10-30,14:M3:55,A,PB,FIROZPUR
18,31.007,74.766,20.5,mod,2023-10-30,14:M3:55,A,PB,FIROZPUR
20,30.927,74.855,25.7,mod,2023-10-30,14:M3:55,A,PB,FIROZPUR
21,30.922,74.85,45.1,mod,2023-10-30,14:M3:55,A,PB,FIROZPUR
22,31.029,74.649,12.8,mod,2023-10-30,14:M3:55,A,PB,FIROZPUR
23,30.728,74.279,8.4,mod,2023-10-30,14:M3:55,A,PB,FIROZPUR
24,31.181,74.914,20.4,mod,2023-10-30,14:M3:55,A,PB,TARN TARAN
25,31.15,74.608,19.4,mod,2023-10-30,14:M3:55,A,PB,TARN TARAN
26,31.235,74.537,22.2,mod,2023-10-30,14:M3:55,A,PB,TARN TARAN
27,31.113,74.703,16.1,mod,2023-10-30,14:M3:55,A,PB,TARN TARAN
28,30.718,74.622,13.4,mod,2023-10-30,14:M3:55,A,PB,FARIDKOT
29,30.473,74.234,10.0,mod,2023-10-30,14:M3:55,A,PB,FAZILKA
30,30.853,74.703,11.1,mod,2023-10-30,14:M3:55,A,PB,FIROZPUR
31,30.859,74.649,24.1,mod,2023-10-30,14:M3:55,A,PB,FIROZPUR
32,30.784,74.365,28.8,mod,2023-10-30,14:M3:55,A,PB,FIROZPUR
33,30.787,74.399,16.0,mod,2023-10-30,14:M3:55,A,PB,FIROZPUR
34,30.757,74.776,38.6,mod,2023-10-30,14:M3:55,A,PB,FARIDKOT
35,30.755,74.759,27.1,mod,2023-10-30,14:M3:55,A,PB,FARIDKOT
36,30.783,74.468,14.0,mod,2023-10-30,14:M3:55,A,PB,FIROZPUR
37,30.783,74.474,23.2,mod,2023-10-30,14:M3:55,A,PB,FIROZPUR
38,30.831,74.82,11.3,mod,2023-10-30,14:M3:55,A,PB,FIROZPUR
39,31.73,75.189,12.3,mod,2023-10-30,14:M3:55,A,PB,AMRITSAR
40,31.334,74.625,21.6,mod,2023-10-30,14:M3:55,A,PB,TARN TARAN
41,31.489,74.7,17.9,mod,2023-10-30,14:M3:55,A,PB,TARN TARAN
42,31.458,74.87,11.0,mod,2023-10-30,14:M3:55,A,PB,TARN TARAN
43,31.461,74.857,12.0,mod,2023-10-30,14:M3:55,A,PB,TARN TARAN
44,31.376,74.594,13.7,mod,2023-10-30,14:M3:55,A,PB,TARN TARAN
45,30.74,76.391,18.1,mod,2023-10-30,14:M3:55,A,PB,FATEHGARH SAHIB
46,30.219,73.979,18.1,mod,2023-10-30,14:M3:55,A,PB,FAZILKA
47,30.325,75.69,12.5,mod,2023-10-30,14:M3:55,A,PB,SANGRUR
48,30.156,74.469,9.1,mod,2023-10-30,14:M3:55,A,PB,MUKTSAR
49,31.102,74.705,11.6,mod,2023-10-30,14:M3:55,A,PB,TARN TARAN
50,31.502,74.716,16.5,mod,2023-10-30,14:M3:55,A,PB,TARN TARAN
51,30.306,74.486,30.6,mod,2023-10-30,14:M3:55,A,PB,MUKTSAR
52,30.741,74.851,22.2,mod,2023-10-30,14:M3:55,A,PB,FARIDKOT
53,30.925,74.837,38.8,mod,2023-10-30,14:M3:55,A,PB,FIROZPUR
54,30.921,74.832,17.7,mod,2023-10-30,14:M3:55,A,PB,FIROZPUR
55,30.954,74.81,12.8,mod,2023-10-30,14:M3:55,A,PB,FIROZPUR
56,30.904,74.549,20.0,mod,2023-10-30,14:M3:55,A,PB,FIROZPUR
57,30.751,74.496,10.4,mod,2023-10-30,14:M3:55,A,PB,FARIDKOT
58,30.533,74.579,10.7,mod,2023-10-30,14:M3:55,A,PB,MUKTSAR
59,30.72,74.628,19.9,mod,2023-10-30,14:M3:55,A,PB,FARIDKOT
60,31.16,74.824,12.6,mod,2023-10-30,14:M3:55,A,PB,TARN TARAN
61,30.153,75.93,31.6,mod,2023-10-30,14:M3:55,A,PB,SANGRUR
62,31.033,74.921,23.7,mod,2023-10-30,14:M3:55,A,PB,FIROZPUR
63,31.562,75.203,18.3,mod,2023-10-30,14:M3:55,A,PB,AMRITSAR
64,30.223,76.4,15.4,mod,2023-10-30,14:M3:55,A,PB,PATIALA
65,31.533,75.287,14.6,mod,2023-10-30,14:M3:55,A,PB,AMRITSAR
66,31.183,74.932,13.8,mod,2023-10-30,14:M3:55,A,PB,TARN TARAN
67,30.174,76.294,15.5,mod,2023-10-30,14:M3:55,A,PB,PATIALA
68,31.154,74.537,9.8,mod,2023-10-30,14:M3:55,A,PB,TARN TARAN
69,30.967,74.826,19.6,mod,2023-10-30,14:M3:55,A,PB,FIROZPUR
70,31.007,74.777,12.5,mod,2023-10-30,14:M3:55,A,PB,FIROZPUR
71,31.125,74.702,34.3,mod,2023-10-30,14:M3:55,A,PB,TARN TARAN
72,31.249,74.582,12.1,mod,2023-10-30,14:M3:55,A,PB,TARN TARAN
73,30.18,75.823,26.9,mod,2023-10-30,14:M3:55,A,PB,SANGRUR
74,31.251,74.588,16.0,mod,2023-10-30,14:M3:55,A,PB,TARN TARAN
75,31.379,74.738,26.7,mod,2023-10-30,14:M3:55,A,PB,TARN TARAN
76,31.436,74.954,11.3,mod,2023-10-30,14:M3:55,A,PB,TARN TARAN
77,29.938,76.122,18.3,mod,2023-10-30,14:M3:55,A,PB,PATIALA
78,29.898,75.835,40.7,mod,2023-10-30,14:M3:55,A,PB,SANGRUR
80,30.79,74.314,30.2,mod,2023-10-30,14:M3:55,A,PB,FIROZPUR
81,31.41,74.698,16.2,mod,2023-10-30,14:M3:55,A,PB,TARN TARAN
82,31.385,74.683,12.6,mod,2023-10-30,14:M3:55,A,PB,TARN TARAN
83,29.857,75.8,18.3,mod,2023-10-30,14:M3:55,A,PB,SANGRUR
84,30.571,76.243,15.4,mod,2023-10-30,14:M3:55,A,PB,FATEHGARH SAHIB
86,29.969,76.028,14.7,mod,2023-10-30,14:M3:55,A,PB,PATIALA
87,29.91,75.713,11.7,mod,2023-10-30,14:M3:55,A,PB,MANSA
88,29.956,75.762,18.1,mod,2023-10-30,14:M3:55,A,PB,SANGRUR
90,30.857,74.631,24.6,mod,2023-10-30,14:M3:55,A,PB,FIROZPUR
91,30.319,74.501,11.7,mod,2023-10-30,14:M3:55,A,PB,MUKTSAR
93,30.871,74.542,9.9,mod,2023-10-30,14:M3:55,A,PB,FIROZPUR
94,30.505,75.675,13.7,mod,2023-10-30,14:M3:55,A,PB,BARNALA
96,29.883,75.558,24.6,mod,2023-10-30,14:M3:55,A,PB,MANSA
97,30.038,75.664,13.3,mod,2023-10-30,14:M3:55,A,PB,SANGRUR
98,30.072,75.76,10.8,mod,2023-10-30,14:M3:55,A,PB,SANGRUR
99,29.83,75.831,24.0,mod,2023-10-30,14:M3:55,A,PB,SANGRUR
100,30.908,74.708,11.2,mod,2023-10-30,14:M3:55,A,PB,FIROZPUR
102,29.9,75.856,30.8,mod,2023-10-30,14:M3:55,A,PB,SANGRUR
103,30.056,75.844,18.4,mod,2023-10-30,14:M3:55,A,PB,SANGRUR
104,30.831,74.832,14.6,mod,2023-10-30,14:M3:55,A,PB,FIROZPUR
106,30.71,74.433,17.8,mod,2023-10-30,14:M3:55,A,PB,FIROZPUR
107,30.866,75.403,26.7,mod,2023-10-30,14:M3:55,A,PB,LUDHIANA
108,30.735,74.567,15.2,mod,2023-10-30,14:M3:55,A,PB,FARIDKOT
109,30.734,74.55,20.1,mod,2023-10-30,14:M3:55,A,PB,FARIDKOT
110,30.731,74.84,21.0,mod,2023-10-30,14:M3:55,A,PB,FARIDKOT
111,30.072,75.883,14.7,mod,2023-10-30,14:M3:55,A,PB,SANGRUR
112,29.852,75.74,15.5,mod,2023-10-30,14:M3:55,A,PB,MANSA
113,30.874,75.415,12.5,mod,2023-10-30,14:M3:55,A,PB,LUDHIANA
114,30.152,75.909,19.8,mod,2023-10-30,14:M3:55,A,PB,PATIALA
115,31.589,75.483,11.7,mod,2023-10-30,14:M3:55,A,PB,SANGRUR
116,30.581,76.802,20.2,mod,2023-10-30,14:M3:55,A,PB,SANGRUR
117,30.371,74.877,19.4,mod,2023-10-30,14:M3:55,A,PB,SANGRUR
118,31.699,75.546,16.9,mod,2023-10-30,14:M3:55,A,PB,SANGRUR
119,30.57,76.784,22.2,mod,2023-10-30,14:M3:55,A,PB,FATEHGARH SAHIB
120,30.26,75.155,8.1,mod,2023-10-30,14:M3:55,A,PB,FATEHGARH SAHIB
121,30.738,76.369,38.5,mod,2023-10-30,14:M3:55,A,PB,BATHINDA
122,29.784,76.001,21.0,mod,2023-10-30,14:M3:55,A,PB,SANGRUR
123,30.061,76.031,12.2,mod,2023-10-30,14:M3:55,A,PB,BARNALA
125,30.302,75.338,26.0,mod,2023-10-30,14:M3:55,A,PB,PATIALA
126,30.291,75.225,13.7,mod,2023-10-30,14:M3:55,A,PB,BATHINDA
127,29.829,75.15,9.7,mod,2023-10-30,14:M3:55,A,PB,FATEHGARH SAHIB
128,29.827,75.132,9.5,mod,2023-10-30,14:M3:55,A,PB,FATEHGARH SAHIB
129,30.94,75.033,9.2,mod,2023-10-30,14:M3:55,A,PB,FATEHGARH SAHIB
130,31.26,75.261,15.8,mod,2023-10-30,14:M3:55,A,PB,FATEHGARH SAHIB
131,31.473,75.34,17.4,mod,2023-10-30,14:M3:55,A,PB,PATIALA
132,31.623,75.534,14.9,mod,2023-10-30,14:M3:55,A,PB,SANGRUR
133,31.346,75.224,12.0,mod,2023-10-30,14:M3:55,A,PB,PATIALA
134,31.344,75.205,12.8,mod,2023-10-30,14:M3:55,A,PB,FATEHGARH SAHIB
135,30.798,75.497,13.6,mod,2023-10-30,14:M3:55,A,PB,SANGRUR
136,30.807,75.293,22.7,mod,2023-10-30,14:M3:55,A,PB,FATEHGARH SAHIB
137,30.92,75.389,17.0,mod,2023-10-30,14:M3:55,A,PB,SANGRUR
138,30.562,75.323,17.9,mod,2023-10-30,14:M3:55,A,PB,SANGRUR
139,30.872,75.395,16.5,mod,2023-10-30,14:M3:55,A,PB,PATIALA
141,29.823,75.824,16.6,mod,2023-10-30,14:M3:55,A,PB,TARN TARAN
145,29.835,75.448,12.5,mod,2023-10-30,14:M3:55,A,PB,LUDHIANA
146,29.966,75.74,20.0,mod,2023-10-30,14:M3:55,A,PB,TARN TARAN
148,31.293,75.356,13.4,mod,2023-10-30,14:M3:55,A,PB,PATIALA
149,29.825,75.585,14.9,mod,2023-10-30,14:M3:55,A,PB,PATIALA
150,31.425,75.294,19.0,mod,2023-10-30,14:M3:55,A,PB,SANGRUR
151,31.419,75.287,15.2,mod,2023-10-30,14:M3:55,A,PB,SANGRUR
152,29.818,75.593,19.2,mod,2023-10-30,14:M3:55,A,PB,SANGRUR
153,29.788,75.656,13.3,mod,2023-10-30,14:M3:55,A,PB,SANGRUR
154,31.471,75.32,18.6,mod,2023-10-30,14:M3:55,A,PB,SANGRUR
155,31.241,75.323,14.4,mod,2023-10-30,14:M3:55,A,PB,SANGRUR
156,31.101,75.255,16.9,mod,2023-10-30,14:M3:55,A,PB,MANSA
157,31.275,75.045,12.6,mod,2023-10-30,14:M3:55,A,PB,SANGRUR
158,29.945,75.409,12.2,mod,2023-10-30,14:M3:55,A,PB,BATHINDA
114,30.50527,76.1698,8.8,npp,2023-10-30,13:M3:11,VF375,PB,PATIALA
115,30.31331,76.10534,5.9,npp,2023-10-30,13:M3:11,VF375,PB,SANGRUR
116,30.31764,76.10477,5.9,npp,2023-10-30,13:M3:11,VF375,PB,SANGRUR
117,30.27467,75.93535,3.1,npp,2023-10-30,13:M3:11,VF375,PB,SANGRUR
118,30.32607,75.92851,5.6,npp,2023-10-30,13:M3:11,VF375,PB,SANGRUR
119,30.57572,76.43013,5.8,npp,2023-10-30,13:M3:11,VF375,PB,FATEHGARH SAHIB
120,30.55753,76.42742,4.6,npp,2023-10-30,13:M3:11,VF375,PB,FATEHGARH SAHIB
121,30.45286,75.21986,27.7,npp,2023-10-30,13:M3:11,VF375,PB,BATHINDA
122,30.40771,75.98594,2.6,npp,2023-10-30,13:M3:11,VF375,PB,SANGRUR
123,30.4804,75.52253,21.9,npp,2023-10-30,13:M3:11,VF375,PB,BARNALA
124,30.38528,75.97945,3.1,npp,2023-10-30,13:M3:11,VF375,PB,SANGRUR
125,30.38712,76.27026,11.9,npp,2023-10-30,13:M3:11,VF375,PB,PATIALA
127,30.71027,76.35435,3.0,npp,2023-10-30,13:M3:11,VF375,PB,FATEHGARH SAHIB
128,30.70095,76.35052,3.6,npp,2023-10-30,13:M3:11,VF375,PB,FATEHGARH SAHIB
129,30.73346,76.32363,3.8,npp,2023-10-30,13:M3:11,VF375,PB,FATEHGARH SAHIB
130,30.74528,76.30709,5.9,npp,2023-10-30,13:M3:11,VF375,PB,FATEHGARH SAHIB
131,30.35563,76.00462,2.5,npp,2023-10-30,13:M3:11,VF375,PB,PATIALA
132,30.38882,75.92719,12.4,npp,2023-10-30,13:M3:11,VF375,PB,SANGRUR
133,30.42238,76.22435,4.0,npp,2023-10-30,13:M3:11,VF375,PB,PATIALA
134,30.54848,76.33334,1.6,npp,2023-10-30,13:M3:11,VF375,PB,FATEHGARH SAHIB
135,30.33228,75.82079,5.5,npp,2023-10-30,13:M3:11,VF375,PB,SANGRUR
136,30.61018,76.4157,2.3,npp,2023-10-30,13:M3:11,VF375,PB,FATEHGARH SAHIB
137,30.26779,76.01926,3.9,npp,2023-10-30,13:M3:11,VF375,PB,SANGRUR
138,30.27,76.02061,4.6,npp,2023-10-30,13:M3:11,VF375,PB,SANGRUR
139,30.42429,76.06464,4.8,npp,2023-10-30,13:M3:11,VF375,PB,PATIALA
140,30.59752,75.9863,2.7,npp,2023-10-30,13:M3:11,VF375,PB,SANGRUR
141,31.29585,74.53727,5.5,npp,2023-10-30,13:M3:11,VF375,PB,TARN TARAN
142,30.82565,76.39756,4.0,npp,2023-10-30,13:M3:11,VF375,PB,FATEHGARH SAHIB
143,30.64892,76.36721,5.1,npp,2023-10-30,13:M3:11,VF375,PB,FATEHGARH SAHIB
144,30.68187,75.9005,7.0,npp,2023-10-30,13:M3:11,VF375,PB,LUDHIANA
145,30.68428,75.90189,2.5,npp,2023-10-30,13:M3:11,VF375,PB,LUDHIANA
146,31.17726,74.53828,12.0,npp,2023-10-30,13:M3:11,VF375,PB,TARN TARAN
147,30.45192,76.25479,6.7,npp,2023-10-30,13:M3:11,VF375,PB,PATIALA
148,30.45239,76.25964,6.7,npp,2023-10-30,13:M3:11,VF375,PB,PATIALA
149,30.35228,76.10029,8.6,npp,2023-10-30,13:M3:11,VF375,PB,PATIALA
150,30.57492,75.83021,6.3,npp,2023-10-30,13:M3:11,VF375,PB,SANGRUR
151,30.5767,75.82892,7.1,npp,2023-10-30,13:M3:11,VF375,PB,SANGRUR
152,30.55964,75.87321,3.4,npp,2023-10-30,13:M3:11,VF375,PB,SANGRUR
153,30.30033,75.67884,5.5,npp,2023-10-30,13:M3:11,VF375,PB,SANGRUR
154,30.03196,75.72559,2.7,npp,2023-10-30,13:M3:11,VF375,PB,SANGRUR
155,30.40307,75.93938,1.4,npp,2023-10-30,13:M3:11,VF375,PB,SANGRUR
156,30.02838,75.60626,4.0,npp,2023-10-30,13:M3:11,VF375,PB,MANSA
157,30.33701,75.82477,5.3,npp,2023-10-30,13:M3:11,VF375,PB,SANGRUR
158,30.15997,75.20684,3.7,npp,2023-10-30,13:M3:11,VF375,PB,BATHINDA
159,30.16726,75.2739,3.2,npp,2023-10-30,13:M3:11,VF375,PB,BATHINDA
160,30.02441,75.69512,5.3,npp,2023-10-30,13:M3:11,VF375,PB,SANGRUR
161,30.02894,75.6955,6.9,npp,2023-10-30,13:M3:11,VF375,PB,SANGRUR
162,30.01872,75.64225,2.7,npp,2023-10-30,13:M3:11,VF375,PB,MANSA
163,30.96688,76.21419,20.9,npp,2023-10-30,13:M3:11,VF375,PB,LUDHIANA
164,30.4378,75.47942,7.2,npp,2023-10-30,13:M3:11,VF375,PB,BARNALA
165,30.15389,75.38338,2.7,npp,2023-10-30,13:M3:11,VF375,PB,MANSA
166,30.01938,75.64308,1.9,npp,2023-10-30,13:M3:11,VF375,PB,MANSA
167,30.33369,75.79296,12.4,npp,2023-10-30,13:M3:11,VF375,PB,SANGRUR
168,30.0026,75.35644,8.0,npp,2023-10-30,13:M3:11,VF375,PB,MANSA
169,30.02098,75.33241,5.0,npp,2023-10-30,13:M3:11,VF375,PB,MANSA
170,30.23561,74.01797,5.8,npp,2023-10-30,13:M3:11,VF375,PB,FAZILKA
171,30.86793,76.11127,5.3,npp,2023-10-30,13:M3:11,VF375,PB,LUDHIANA
172,30.88437,76.14348,3.5,npp,2023-10-30,13:M3:11,VF375,PB,LUDHIANA
173,30.76359,76.40542,3.7,npp,2023-10-30,13:M3:11,VF375,PB,FATEHGARH SAHIB
174,30.45264,76.04181,4.8,npp,2023-10-30,13:M3:11,VF375,PB,SANGRUR
175,30.49719,75.48016,2.8,npp,2023-10-30,13:M3:11,VF375,PB,BARNALA
176,30.02742,75.72272,4.2,npp,2023-10-30,13:M3:11,VF375,PB,SANGRUR
177,30.14884,75.57716,2.1,npp,2023-10-30,13:M3:11,VF375,PB,BARNALA
178,30.1084,75.59981,43.7,npp,2023-10-30,13:M3:11,VF375,PB,MANSA
179,30.10562,75.61352,6.0,npp,2023-10-30,13:M3:11,VF375,PB,MANSA
180,30.03684,75.81672,4.4,npp,2023-10-30,13:M3:11,VF375,PB,SANGRUR
181,30.05425,75.81894,2.6,npp,2023-10-30,13:M3:11,VF375,PB,SANGRUR
182,30.03497,75.83411,5.3,npp,2023-10-30,13:M3:11,VF375,PB,SANGRUR
183,30.0726,75.83021,4.0,npp,2023-10-30,13:M3:11,VF375,PB,SANGRUR
184,30.08155,75.83359,2.1,npp,2023-10-30,13:M3:11,VF375,PB,SANGRUR
185,30.05243,75.80093,3.8,npp,2023-10-30,13:M3:11,VF375,PB,SANGRUR
186,30.02971,75.78468,6.7,npp,2023-10-30,13:M3:11,VF375,PB,SANGRUR
187,30.02172,75.79029,5.3,npp,2023-10-30,13:M3:11,VF375,PB,SANGRUR
188,30.17777,75.77588,5.2,npp,2023-10-30,13:M3:11,VF375,PB,SANGRUR
189,30.37356,75.48279,3.2,npp,2023-10-30,13:M3:11,VF375,PB,BARNALA
190,30.00961,75.48035,14.7,npp,2023-10-30,13:M3:11,VF375,PB,MANSA
191,30.02241,75.46624,4.1,npp,2023-10-30,13:M3:11,VF375,PB,MANSA
192,30.03161,75.47369,3.3,npp,2023-10-30,13:M3:11,VF375,PB,MANSA
193,30.06912,75.71255,23.4,npp,2023-10-30,13:M3:11,VF375,PB,SANGRUR
194,30.09814,75.7448,16.2,npp,2023-10-30,13:M3:11,VF375,PB,SANGRUR
195,30.10612,75.69854,2.6,npp,2023-10-30,13:M3:11,VF375,PB,SANGRUR
196,30.10659,75.70298,3.3,npp,2023-10-30,13:M3:11,VF375,PB,SANGRUR
197,30.37152,75.26487,8.4,npp,2023-10-30,13:M3:11,VF375,PB,BATHINDA
198,30.48888,75.44141,4.1,npp,2023-10-30,13:M3:11,VF375,PB,BARNALA
199,30.30367,75.29585,4.9,npp,2023-10-30,13:M3:11,VF375,PB,BATHINDA
200,30.30779,75.29528,4.9,npp,2023-10-30,13:M3:11,VF375,PB,BATHINDA
201,30.29978,75.27773,3.8,npp,2023-10-30,13:M3:11,VF375,PB,BATHINDA
202,30.30429,75.26135,2.1,npp,2023-10-30,13:M3:11,VF375,PB,BATHINDA
203,30.30622,75.29834,11.9,npp,2023-10-30,13:M3:11,VF375,PB,BATHINDA
204,30.29247,75.28733,3.0,npp,2023-10-30,13:M3:11,VF375,PB,BATHINDA
205,30.28011,75.32787,2.4,npp,2023-10-30,13:M3:11,VF375,PB,BATHINDA
206,30.10564,75.77557,4.6,npp,2023-10-30,13:M3:11,VF375,PB,SANGRUR
207,30.47981,75.2376,7.4,npp,2023-10-30,13:M3:11,VF375,PB,BATHINDA
208,30.35662,75.40149,4.4,npp,2023-10-30,13:M3:11,VF375,PB,BARNALA
209,30.7009,76.44139,4.5,npp,2023-10-30,13:M3:11,VF375,PB,FATEHGARH SAHIB
210,30.33466,76.55674,6.7,npp,2023-10-30,13:M3:11,VF375,PB,PATIALA
211,30.32528,76.55284,1.4,npp,2023-10-30,13:M3:11,VF375,PB,PATIALA
212,30.332,76.55982,7.1,npp,2023-10-30,13:M3:11,VF375,PB,PATIALA
213,30.03721,75.77461,5.0,npp,2023-10-30,13:M3:11,VF375,PB,SANGRUR
214,30.03299,75.77518,5.7,npp,2023-10-30,13:M3:11,VF375,PB,SANGRUR
215,30.02733,75.76234,11.9,npp,2023-10-30,13:M3:11,VF375,PB,SANGRUR
216,30.03324,75.78077,5.1,npp,2023-10-30,13:M3:11,VF375,PB,SANGRUR
217,30.0328,75.7763,5.1,npp,2023-10-30,13:M3:11,VF375,PB,SANGRUR
218,30.09441,75.70914,4.1,npp,2023-10-30,13:M3:11,VF375,PB,SANGRUR
219,30.85064,76.34686,4.9,npp,2023-10-30,13:M3:11,VF375,PB,FATEHGARH SAHIB
220,30.60572,76.50753,8.0,npp,2023-10-30,13:M3:11,VF375,PB,FATEHGARH SAHIB
221,30.26553,76.1674,4.6,npp,2023-10-30,13:M3:11,VF375,PB,SANGRUR
222,30.68217,76.4336,8.5,npp,2023-10-30,13:M3:11,VF375,PB,FATEHGARH SAHIB
223,30.4875,75.0788,5.1,npp,2023-10-30,13:M3:11,VF375,PB,BATHINDA
224,30.30273,75.57962,3.7,npp,2023-10-30,13:M3:11,VF375,PB,BARNALA
225,30.34095,75.57891,3.5,npp,2023-10-30,13:M3:11,VF375,PB,BARNALA
226,30.33434,75.11243,3.5,npp,2023-10-30,13:M3:11,VF375,PB,BATHINDA
227,30.19152,75.30484,2.3,npp,2023-10-30,13:M3:11,VF375,PB,BATHINDA
228,30.87472,74.37187,3.5,npp,2023-10-30,13:M3:11,VF375,PB,FIROZPUR
229,30.76819,74.3021,5.4,npp,2023-10-30,13:M3:11,VF375,PB,FIROZPUR
230,30.16815,75.68197,3.4,npp,2023-10-30,13:M3:11,VF375,PB,SANGRUR
231,30.84006,74.3476,10.0,npp,2023-10-30,13:M3:11,VF375,PB,FIROZPUR
232,30.14253,75.76694,2.1,npp,2023-10-30,13:M3:11,VF375,PB,SANGRUR
233,30.26954,75.34663,15.7,npp,2023-10-30,13:M3:11,VF375,PB,BATHINDA
235,31.01793,74.78056,2.3,npp,2023-10-30,13:M3:11,VF375,PB,FIROZPUR
236,30.87079,74.57167,9.2,npp,2023-10-30,13:M3:11,VF375,PB,FIROZPUR
237,30.84889,74.59299,17.4,npp,2023-10-30,13:M3:11,VF375,PB,FIROZPUR
238,31.01403,74.74381,2.6,npp,2023-10-30,13:M3:11,VF375,PB,FIROZPUR
239,31.59259,75.30664,3.6,npp,2023-10-30,13:M3:11,VF375,PB,AMRITSAR
240,31.59241,75.30598,2.9,npp,2023-10-30,13:M3:11,VF375,PB,AMRITSAR
241,30.98031,75.49187,4.0,npp,2023-10-30,13:M3:11,VF375,PB,JALANDHAR
242,30.99805,75.49855,4.8,npp,2023-10-30,13:M3:11,VF375,PB,JALANDHAR
243,30.95016,74.765,2.8,npp,2023-10-30,13:M3:11,VF375,PB,FIROZPUR
244,31.13305,74.5942,7.1,npp,2023-10-30,13:M3:11,VF375,PB,TARN TARAN
245,30.98112,74.58794,9.6,npp,2023-10-30,13:M3:11,VF375,PB,FIROZPUR
246,31.96079,75.11112,3.9,npp,2023-10-30,13:M3:11,VF375,PB,GURDASPUR
247,30.98329,74.73135,5.1,npp,2023-10-30,13:M3:11,VF375,PB,FIROZPUR
248,30.97927,74.73193,7.1,npp,2023-10-30,13:M3:11,VF375,PB,FIROZPUR
249,30.98871,74.78016,5.7,npp,2023-10-30,13:M3:11,VF375,PB,FIROZPUR
250,30.95425,74.69034,12.4,npp,2023-10-30,13:M3:11,VF375,PB,FIROZPUR
251,31.89875,75.12416,14.8,npp,2023-10-30,13:M3:11,VF375,PB,GURDASPUR
252,31.87562,75.07728,6.6,npp,2023-10-30,13:M3:11,VF375,PB,GURDASPUR
253,31.87977,75.0767,6.6,npp,2023-10-30,13:M3:11,VF375,PB,GURDASPUR
254,31.10351,75.31884,7.2,npp,2023-10-30,13:M3:11,VF375,PB,JALANDHAR
255,31.10396,75.32323,7.2,npp,2023-10-30,13:M3:11,VF375,PB,JALANDHAR
256,31.10814,75.32266,7.2,npp,2023-10-30,13:M3:11,VF375,PB,JALANDHAR
257,31.0456,74.65797,5.8,npp,2023-10-30,13:M3:11,VF375,PB,FIROZPUR
258,30.96975,74.68299,13.3,npp,2023-10-30,13:M3:11,VF375,PB,FIROZPUR
259,31.11665,75.48812,4.2,npp,2023-10-30,13:M3:11,VF375,PB,JALANDHAR
260,30.53805,75.25584,7.2,npp,2023-10-30,13:M3:11,VF375,PB,MOGA
261,31.1244,74.58934,3.5,npp,2023-10-30,13:M3:11,VF375,PB,TARN TARAN
262,31.21254,74.52702,2.7,npp,2023-10-30,13:M3:11,VF375,PB,TARN TARAN
263,31.69961,75.39478,3.2,npp,2023-10-30,13:M3:11,VF375,PB,GURDASPUR
264,31.70648,75.37769,7.2,npp,2023-10-30,13:M3:11,VF375,PB,GURDASPUR
265,30.50108,74.22046,7.0,npp,2023-10-30,13:M3:11,VF375,PB,FAZILKA
266,30.6722,74.96523,3.5,npp,2023-10-30,13:M3:11,VF375,PB,MOGA
267,31.1797,74.53865,11.1,npp,2023-10-30,13:M3:11,VF375,PB,TARN TARAN
268,30.58151,75.35001,20.1,npp,2023-10-30,13:M3:11,VF375,PB,MOGA
269,30.63541,75.3261,5.7,npp,2023-10-30,13:M3:11,VF375,PB,MOGA
270,31.02743,74.75429,2.4,npp,2023-10-30,13:M3:11,VF375,PB,FIROZPUR
271,31.1871,74.60473,4.9,npp,2023-10-30,13:M3:11,VF375,PB,TARN TARAN
272,31.14237,74.60509,4.2,npp,2023-10-30,13:M3:11,VF375,PB,TARN TARAN
273,31.16274,74.83108,6.2,npp,2023-10-30,13:M3:11,VF375,PB,TARN TARAN
274,31.16381,74.68932,2.6,npp,2023-10-30,13:M3:11,VF375,PB,TARN TARAN
275,31.18481,74.6574,10.0,npp,2023-10-30,13:M3:11,VF375,PB,TARN TARAN
276,31.13837,74.60567,12.2,npp,2023-10-30,13:M3:11,VF375,PB,TARN TARAN
277,31.13923,74.68874,12.2,npp,2023-10-30,13:M3:11,VF375,PB,TARN TARAN
278,30.68756,75.26208,3.0,npp,2023-10-30,13:M3:11,VF375,PB,MOGA
279,30.64415,75.32928,3.3,npp,2023-10-30,13:M3:11,VF375,PB,MOGA
280,30.87831,74.8959,5.0,npp,2023-10-30,13:M3:11,VF375,PB,FIROZPUR
281,31.04615,75.21183,2.9,npp,2023-10-30,13:M3:11,VF375,PB,JALANDHAR
282,30.62447,75.30138,6.2,npp,2023-10-30,13:M3:11,VF375,PB,MOGA
283,30.5747,75.28547,3.1,npp,2023-10-30,13:M3:11,VF375,PB,MOGA
284,30.89905,74.89714,5.2,npp,2023-10-30,13:M3:11,VF375,PB,FIROZPUR
285,30.92695,74.89326,11.2,npp,2023-10-30,13:M3:11,VF375,PB,FIROZPUR
286,31.00685,74.90713,1.8,npp,2023-10-30,13:M3:11,VF375,PB,FIROZPUR
287,31.03826,74.8948,6.8,npp,2023-10-30,13:M3:11,VF375,PB,FIROZPUR
288,30.60872,75.44778,5.8,npp,2023-10-30,13:M3:11,VF375,PB,LUDHIANA
289,30.59064,75.43693,2.4,npp,2023-10-30,13:M3:11,VF375,PB,BARNALA
290,30.66014,75.20087,6.3,npp,2023-10-30,13:M3:11,VF375,PB,MOGA
291,30.69768,75.19995,6.3,npp,2023-10-30,13:M3:11,VF375,PB,MOGA
292,30.44246,73.98713,8.3,npp,2023-10-30,13:M3:11,VF375,PB,FAZILKA
293,30.90552,75.03149,1.9,npp,2023-10-30,13:M3:11,VF375,PB,FIROZPUR
294,30.48681,74.30293,4.6,npp,2023-10-30,13:M3:11,VF375,PB,FAZILKA
295,30.50562,74.22549,6.6,npp,2023-10-30,13:M3:11,VF375,PB,FAZILKA
296,30.50583,74.22343,6.1,npp,2023-10-30,13:M3:11,VF375,PB,FAZILKA
297,30.98416,74.70243,15.3,npp,2023-10-30,13:M3:11,VF375,PB,FIROZPUR
298,30.9941,74.67159,4.8,npp,2023-10-30,13:M3:11,VF375,PB,FIROZPUR
299,30.98059,74.70705,15.3,npp,2023-10-30,13:M3:11,VF375,PB,FIROZPUR
300,30.66741,74.35986,4.9,npp,2023-10-30,13:M3:11,VF375,PB,FIROZPUR
301,30.78374,74.37003,5.9,npp,2023-10-30,13:M3:11,VF375,PB,FIROZPUR
302,30.78639,74.35789,2.3,npp,2023-10-30,13:M3:11,VF375,PB,FIROZPUR
303,30.81257,74.41293,5.2,npp,2023-10-30,13:M3:11,VF375,PB,FIROZPUR
304,30.83751,74.35032,7.4,npp,2023-10-30,13:M3:11,VF375,PB,FIROZPUR
305,30.48437,75.31924,7.8,npp,2023-10-30,13:M3:11,VF375,PB,BARNALA
306,30.84271,75.06589,2.3,npp,2023-10-30,13:M3:11,VF375,PB,MOGA
307,30.7955,74.40363,3.2,npp,2023-10-30,13:M3:11,VF375,PB,FIROZPUR
308,30.75225,75.06506,2.9,npp,2023-10-30,13:M3:11,VF375,PB,MOGA
309,30.52538,75.21448,2.0,npp,2023-10-30,13:M3:11,VF375,PB,MOGA
310,30.73556,75.02494,2.0,npp,2023-10-30,13:M3:11,VF375,PB,MOGA
311,30.51732,75.17698,5.8,npp,2023-10-30,13:M3:11,VF375,PB,BATHINDA
312,30.47161,74.45055,13.0,npp,2023-10-30,13:M3:11,VF375,PB,MUKTSAR
313,30.75762,74.69911,5.7,npp,2023-10-30,13:M3:11,VF375,PB,FARIDKOT
314,30.7881,74.48183,14.4,npp,2023-10-30,13:M3:11,VF375,PB,FIROZPUR
315,30.85853,74.82782,3.9,npp,2023-10-30,13:M3:11,VF375,PB,FIROZPUR
316,30.86257,74.82723,4.6,npp,2023-10-30,13:M3:11,VF375,PB,FIROZPUR
317,30.86198,74.82925,2.5,npp,2023-10-30,02:M3:11,VF375,PB,FIROZPUR
318,30.85798,74.82816,2.5,npp,2023-10-30,02:M3:11,VF375,PB,FIROZPUR
319,30.73563,75.14442,1.6,npp,2023-10-30,13:M3:11,VF375,PB,MOGA
320,30.80587,75.02351,2.5,npp,2023-10-30,13:M3:11,VF375,PB,MOGA
321,30.80996,75.02296,3.1,npp,2023-10-30,13:M3:11,VF375,PB,MOGA
322,30.65192,74.29232,9.9,npp,2023-10-30,13:M3:11,VF375,PB,FAZILKA
323,30.60952,74.16217,4.2,npp,2023-10-30,13:M3:11,VF375,PB,FAZILKA
324,30.60955,74.16071,8.5,npp,2023-10-30,13:M3:11,VF375,PB,FAZILKA
325,30.82295,74.61492,8.3,npp,2023-10-30,13:M3:11,VF375,PB,FARIDKOT
326,30.67258,74.8198,6.7,npp,2023-10-30,13:M3:11,VF375,PB,FARIDKOT
327,30.67167,74.8117,7.3,npp,2023-10-30,13:M3:11,VF375,PB,FARIDKOT
328,30.77456,74.81455,6.9,npp,2023-10-30,13:M3:11,VF375,PB,FIROZPUR
329,30.74448,75.22964,2.9,npp,2023-10-30,13:M3:11,VF375,PB,MOGA
330,31.80512,75.33905,4.2,npp,2023-10-30,13:M3:11,VF375,PB,GURDASPUR
331,31.7189,75.24622,1.8,npp,2023-10-30,13:M3:11,VF375,PB,GURDASPUR
332,31.12487,74.70733,31.9,npp,2023-10-30,13:M3:11,VF375,PB,TARN TARAN
333,31.13783,74.71372,4.4,npp,2023-10-30,13:M3:11,VF375,PB,TARN TARAN
334,31.56325,75.05657,4.5,npp,2023-10-30,13:M3:11,VF375,PB,AMRITSAR
335,31.56152,75.05638,5.3,npp,2023-10-30,13:M3:11,VF375,PB,AMRITSAR
336,31.02534,75.27101,9.6,npp,2023-10-30,13:M3:11,VF375,PB,MOGA
337,31.0115,75.02531,7.6,npp,2023-10-30,13:M3:11,VF375,PB,FIROZPUR
338,31.01325,75.35696,4.9,npp,2023-10-30,13:M3:11,VF375,PB,JALANDHAR
339,31.10741,75.43943,2.5,npp,2023-10-30,13:M3:11,VF375,PB,JALANDHAR
340,31.06756,74.93712,2.9,npp,2023-10-30,13:M3:11,VF375,PB,FIROZPUR
341,30.90205,75.43414,3.7,npp,2023-10-30,13:M3:11,VF375,PB,LUDHIANA
342,31.68571,75.08546,4.7,npp,2023-10-30,13:M3:11,VF375,PB,AMRITSAR
343,31.73997,75.16238,4.3,npp,2023-10-30,13:M3:11,VF375,PB,AMRITSAR
344,31.74368,75.15739,8.0,npp,2023-10-30,13:M3:11,VF375,PB,AMRITSAR
345,31.73951,75.15797,4.3,npp,2023-10-30,13:M3:11,VF375,PB,AMRITSAR
346,31.58209,75.24877,4.8,npp,2023-10-30,13:M3:11,VF375,PB,AMRITSAR
347,31.58263,75.24934,4.4,npp,2023-10-30,13:M3:11,VF375,PB,AMRITSAR
348,31.24061,74.98736,8.0,npp,2023-10-30,13:M3:11,VF375,PB,TARN TARAN
349,31.2352,74.97524,2.7,npp,2023-10-30,13:M3:11,VF375,PB,TARN TARAN
350,31.62733,75.18932,2.0,npp,2023-10-30,13:M3:11,VF375,PB,AMRITSAR
351,31.24792,74.66618,5.8,npp,2023-10-30,13:M3:11,VF375,PB,TARN TARAN
352,31.23357,74.68478,7.1,npp,2023-10-30,13:M3:11,VF375,PB,TARN TARAN
353,31.234,74.68885,7.1,npp,2023-10-30,13:M3:11,VF375,PB,TARN TARAN
354,31.0068,74.86932,2.8,npp,2023-10-30,13:M3:11,VF375,PB,FIROZPUR
355,30.78543,74.95045,2.8,npp,2023-10-30,13:M3:11,VF375,PB,MOGA
356,31.19789,74.96584,4.2,npp,2023-10-30,13:M3:11,VF375,PB,TARN TARAN
357,31.53155,75.21095,5.6,npp,2023-10-30,13:M3:11,VF375,PB,AMRITSAR
358,31.54589,75.22684,8.2,npp,2023-10-30,13:M3:11,VF375,PB,AMRITSAR
359,31.507,75.21882,2.0,npp,2023-10-30,13:M3:11,VF375,PB,AMRITSAR
360,31.0104,74.86462,2.8,npp,2023-10-30,13:M3:11,VF375,PB,FIROZPUR
361,31.00677,74.86983,5.9,npp,2023-10-30,13:M3:11,VF375,PB,FIROZPUR
362,30.70868,75.42195,7.8,npp,2023-10-30,13:M3:11,VF375,PB,LUDHIANA
363,30.73705,75.48956,4.7,npp,2023-10-30,13:M3:11,VF375,PB,LUDHIANA
364,31.07129,74.85645,5.3,npp,2023-10-30,13:M3:11,VF375,PB,FIROZPUR
365,31.68723,75.31635,2.2,npp,2023-10-30,13:M3:11,VF375,PB,GURDASPUR
366,31.51343,75.24028,2.0,npp,2023-10-30,13:M3:11,VF375,PB,AMRITSAR
367,31.14992,74.71198,8.0,npp,2023-10-30,13:M3:11,VF375,PB,TARN TARAN
368,31.58441,75.2671,2.9,npp,2023-10-30,13:M3:11,VF375,PB,AMRITSAR
369,31.58397,75.2665,3.3,npp,2023-10-30,13:M3:11,VF375,PB,AMRITSAR
370,31.66994,75.19237,9.7,npp,2023-10-30,13:M3:11,VF375,PB,AMRITSAR
371,31.27697,74.70753,12.3,npp,2023-10-30,13:M3:11,VF375,PB,TARN TARAN
372,31.27741,74.71163,16.5,npp,2023-10-30,13:M3:11,VF375,PB,TARN TARAN
373,31.37569,74.59833,3.7,npp,2023-10-30,13:M3:11,VF375,PB,TARN TARAN
374,31.42111,74.82564,5.9,npp,2023-10-30,13:M3:11,VF375,PB,TARN TARAN
375,31.27293,74.70811,7.6,npp,2023-10-30,13:M3:11,VF375,PB,TARN TARAN
376,31.3431,74.56098,3.6,npp,2023-10-30,13:M3:11,VF375,PB,TARN TARAN
377,31.37007,74.81175,3.9,npp,2023-10-30,13:M3:11,VF375,PB,TARN TARAN
378,30.80589,74.49711,4.3,npp,2023-10-30,13:M3:11,VF375,PB,FIROZPUR
379,30.5056,76.48239,6.9,npp,2023-10-30,13:M3:11,VF375,PB,FATEHGARH SAHIB
380,30.73862,76.47474,7.0,npp,2023-10-30,13:M3:11,VF375,PB,FATEHGARH SAHIB
381,30.74286,76.45645,2.9,npp,2023-10-30,13:M3:11,VF375,PB,FATEHGARH SAHIB
382,30.25906,75.69349,11.4,npp,2023-10-30,13:M3:11,VF375,PB,BARNALA
383,30.6763,74.47629,19.4,npp,2023-10-30,13:M3:11,VF375,PB,FIROZPUR
384,31.6083,75.20985,4.9,npp,2023-10-30,13:M3:11,VF375,PB,AMRITSAR
385,30.65616,74.40254,7.8,npp,2023-10-30,13:M3:11,VF375,PB,FIROZPUR
386,30.67062,74.38865,9.6,npp,2023-10-30,13:M3:11,VF375,PB,FIROZPUR
387,31.77237,75.14894,1.8,npp,2023-10-30,13:M3:11,VF375,PB,GURDASPUR
388,30.1774,74.19421,5.5,npp,2023-10-30,13:M3:11,VF375,PB,FAZILKA
389,30.77341,74.53178,8.2,npp,2023-10-30,13:M3:11,VF375,PB,FARIDKOT
390,31.27215,74.93148,5.2,npp,2023-10-30,13:M3:11,VF375,PB,TARN TARAN
391,31.27944,74.92191,3.6,npp,2023-10-30,13:M3:11,VF375,PB,TARN TARAN
392,31.34121,74.65698,2.2,npp,2023-10-30,13:M3:11,VF375,PB,TARN TARAN
393,31.36753,74.71136,1.4,npp,2023-10-30,13:M3:11,VF375,PB,TARN TARAN
394,31.26949,74.90626,4.2,npp,2023-10-30,13:M3:11,VF375,PB,TARN TARAN
395,31.25592,74.89542,10.0,npp,2023-10-30,13:M3:11,VF375,PB,TARN TARAN
396,30.79744,74.42107,7.3,npp,2023-10-30,13:M3:11,VF375,PB,FIROZPUR
397,31.28397,74.92552,3.7,npp,2023-10-30,13:M3:11,VF375,PB,TARN TARAN
398,31.50671,74.70436,6.7,npp,2023-10-30,13:M3:11,VF375,PB,TARN TARAN
399,31.51254,74.68262,3.4,npp,2023-10-30,13:M3:11,VF375,PB,TARN TARAN
400,31.5085,74.6832,3.6,npp,2023-10-30,13:M3:11,VF375,PB,TARN TARAN
401,30.89499,74.89772,5.2,npp,2023-10-30,13:M3:11,VF375,PB,FIROZPUR
402,30.73459,74.86161,5.2,npp,2023-10-30,13:M3:11,VF375,PB,FARIDKOT
403,30.43692,74.95619,6.0,npp,2023-10-30,13:M3:11,VF375,PB,FARIDKOT
404,30.79344,74.83303,2.5,npp,2023-10-30,13:M3:11,VF375,PB,FIROZPUR
405,30.77592,75.01501,3.1,npp,2023-10-30,13:M3:11,VF375,PB,MOGA
406,30.50213,74.72656,15.9,npp,2023-10-30,13:M3:11,VF375,PB,FARIDKOT
407,30.47249,74.98024,2.3,npp,2023-10-30,13:M3:11,VF375,PB,FARIDKOT
408,30.92981,74.84262,3.7,npp,2023-10-30,13:M3:11,VF375,PB,FIROZPUR
409,30.73074,74.75095,1.5,npp,2023-10-30,13:M3:11,VF375,PB,FARIDKOT
410,30.86805,74.56987,9.5,npp,2023-10-30,13:M3:11,VF375,PB,FIROZPUR
411,30.87808,74.5503,5.5,npp,2023-10-30,13:M3:11,VF375,PB,FIROZPUR
412,30.79335,74.71673,5.3,npp,2023-10-30,13:M3:11,VF375,PB,FARIDKOT
413,30.58544,74.69463,6.3,npp,2023-10-30,13:M3:11,VF375,PB,FARIDKOT
414,30.7458,74.49997,9.5,npp,2023-10-30,13:M3:11,VF375,PB,FARIDKOT
415,30.74769,74.51759,6.9,npp,2023-10-30,13:M3:11,VF375,PB,FARIDKOT
416,30.74554,74.51968,7.0,npp,2023-10-30,13:M3:11,VF375,PB,FARIDKOT
417,30.96438,74.63479,14.3,npp,2023-10-30,13:M3:11,VF375,PB,FIROZPUR
418,30.98461,74.70647,15.3,npp,2023-10-30,13:M3:11,VF375,PB,FIROZPUR
419,30.98014,74.70301,15.3,npp,2023-10-30,13:M3:11,VF375,PB,FIROZPUR
420,30.61553,74.59973,5.0,npp,2023-10-30,13:M3:11,VF375,PB,MUKTSAR
421,30.80518,74.52711,4.1,npp,2023-10-30,13:M3:11,VF375,PB,FIROZPUR
422,30.96886,74.93782,4.3,npp,2023-10-30,13:M3:11,VF375,PB,FIROZPUR
423,30.98366,74.58937,10.0,npp,2023-10-30,13:M3:11,VF375,PB,FIROZPUR
424,30.98731,74.73077,5.1,npp,2023-10-30,13:M3:11,VF375,PB,FIROZPUR
425,30.93228,74.75105,3.2,npp,2023-10-30,13:M3:11,VF375,PB,FIROZPUR
426,30.93631,74.75046,17.4,npp,2023-10-30,13:M3:11,VF375,PB,FIROZPUR
427,30.79335,74.49297,74.5,npp,2023-10-30,13:M3:11,VF375,PB,FIROZPUR
428,30.78929,74.52944,9.0,npp,2023-10-30,13:M3:11,VF375,PB,FIROZPUR
429,30.75373,74.49881,12.3,npp,2023-10-30,13:M3:11,VF375,PB,FARIDKOT
430,30.87553,74.72228,2.4,npp,2023-10-30,13:M3:11,VF375,PB,FIROZPUR
431,30.45222,74.94571,2.0,npp,2023-10-30,13:M3:11,VF375,PB,FARIDKOT
432,30.44733,74.71842,6.4,npp,2023-10-30,13:M3:11,VF375,PB,MUKTSAR
433,31.24104,74.99159,8.0,npp,2023-10-30,13:M3:11,VF375,PB,TARN TARAN
434,31.23129,74.93728,2.3,npp,2023-10-30,13:M3:11,VF375,PB,TARN TARAN
435,30.05408,74.95108,4.3,npp,2023-10-30,13:M3:11,VF375,PB,BATHINDA
436,30.05378,74.95114,4.1,npp,2023-10-30,13:M3:11,VF375,PB,BATHINDA
437,30.32929,76.26792,2.5,npp,2023-10-30,13:M3:11,VF375,PB,PATIALA
438,30.11647,75.8381,10.1,npp,2023-10-30,13:M3:11,VF375,PB,SANGRUR
439,30.22479,76.42744,5.1,npp,2023-10-30,13:M3:11,VF375,PB,PATIALA
440,30.19324,76.01488,4.8,npp,2023-10-30,13:M3:11,VF375,PB,SANGRUR
441,30.05566,76.03049,6.6,npp,2023-10-30,13:M3:11,VF375,PB,SANGRUR
442,30.03993,76.04667,8.2,npp,2023-10-30,13:M3:11,VF375,PB,PATIALA
443,30.17265,76.00238,12.4,npp,2023-10-30,13:M3:11,VF375,PB,SANGRUR
444,30.17038,76.00379,5.5,npp,2023-10-30,13:M3:11,VF375,PB,SANGRUR
445,30.16552,76.01741,5.0,npp,2023-10-30,13:M3:11,VF375,PB,SANGRUR
446,30.16315,76.01888,4.7,npp,2023-10-30,13:M3:11,VF375,PB,SANGRUR
447,30.04859,76.13062,2.6,npp,2023-10-30,13:M3:11,VF375,PB,PATIALA
448,30.15835,75.9259,8.5,npp,2023-10-30,13:M3:11,VF375,PB,SANGRUR
449,30.14449,75.98266,8.7,npp,2023-10-30,13:M3:11,VF375,PB,SANGRUR
450,30.1302,75.9705,2.9,npp,2023-10-30,13:M3:11,VF375,PB,SANGRUR
451,30.19497,76.07619,11.9,npp,2023-10-30,13:M3:11,VF375,PB,PATIALA
452,30.19544,76.08089,38.5,npp,2023-10-30,13:M3:11,VF375,PB,PATIALA
453,30.07776,75.83868,6.0,npp,2023-10-30,13:M3:11,VF375,PB,SANGRUR
454,30.26408,76.32832,10.4,npp,2023-10-30,13:M3:11,VF375,PB,PATIALA
455,30.29553,75.75682,13.3,npp,2023-10-30,13:M3:11,VF375,PB,SANGRUR
456,30.36431,75.76798,3.2,npp,2023-10-30,13:M3:11,VF375,PB,SANGRUR
457,31.98239,74.95719,3.6,npp,2023-10-30,13:M3:11,VF375,PB,GURDASPUR
458,31.18934,74.81044,5.9,npp,2023-10-30,13:M3:11,VF375,PB,TARN TARAN
459,31.197,74.80513,6.1,npp,2023-10-30,13:M3:11,VF375,PB,TARN TARAN
460,30.74025,74.50854,5.4,npp,2023-10-30,13:M3:11,VF375,PB,FARIDKOT
461,30.73497,74.53319,18.5,npp,2023-10-30,13:M3:11,VF375,PB,FARIDKOT
462,30.74684,74.49566,11.2,npp,2023-10-30,13:M3:11,VF375,PB,FARIDKOT
463,30.74976,74.4994,9.5,npp,2023-10-30,13:M3:11,VF375,PB,FARIDKOT
464,30.7541,74.48865,6.3,npp,2023-10-30,13:M3:11,VF375,PB,FARIDKOT
465,30.76,74.46994,4.6,npp,2023-10-30,13:M3:11,VF375,PB,FIROZPUR
466,30.76067,74.47578,4.6,npp,2023-10-30,13:M3:11,VF375,PB,FIROZPUR
467,30.75343,74.48279,6.3,npp,2023-10-30,13:M3:11,VF375,PB,FARIDKOT
468,30.75246,74.48707,8.6,npp,2023-10-30,13:M3:11,VF375,PB,FARIDKOT
469,31.05296,74.76306,31.0,npp,2023-10-30,13:M3:11,VF375,PB,FIROZPUR
470,31.04577,74.7724,3.6,npp,2023-10-30,13:M3:11,VF375,PB,FIROZPUR
471,30.21401,75.79388,3.5,npp,2023-10-30,13:M3:11,VF375,PB,SANGRUR
472,31.00457,74.88643,4.5,npp,2023-10-30,13:M3:11,VF375,PB,FIROZPUR
473,31.00772,74.87759,2.0,npp,2023-10-30,13:M3:11,VF375,PB,FIROZPUR
474,31.03609,74.68294,1.3,npp,2023-10-30,13:M3:11,VF375,PB,FIROZPUR
475,31.67089,75.28229,3.6,npp,2023-10-30,13:M3:11,VF375,PB,AMRITSAR
476,30.4313,75.74982,6.3,npp,2023-10-30,13:M3:11,VF375,PB,SANGRUR
477,31.55051,75.27109,3.4,npp,2023-10-30,13:M3:11,VF375,PB,AMRITSAR
478,30.06032,75.83644,22.5,npp,2023-10-30,13:M3:11,VF375,PB,SANGRUR
479,31.21061,74.9299,27.8,npp,2023-10-30,13:M3:11,VF375,PB,TARN TARAN
480,31.24339,74.85485,6.4,npp,2023-10-30,13:M3:11,VF375,PB,TARN TARAN
481,31.18826,74.60392,3.2,npp,2023-10-30,13:M3:11,VF375,PB,TARN TARAN
482,31.05778,74.84579,4.1,npp,2023-10-30,13:M3:11,VF375,PB,FIROZPUR
483,31.11,74.83863,2.0,npp,2023-10-30,13:M3:11,VF375,PB,FIROZPUR
484,31.00419,74.65171,6.1,npp,2023-10-30,13:M3:11,VF375,PB,FIROZPUR
485,31.00018,74.6523,6.1,npp,2023-10-30,13:M3:11,VF375,PB,FIROZPUR
486,31.15213,74.92552,1.4,npp,2023-10-30,13:M3:11,VF375,PB,FIROZPUR
487,31.18521,74.92498,3.6,npp,2023-10-30,13:M3:11,VF375,PB,TARN TARAN
488,30.24044,76.18031,4.5,npp,2023-10-30,13:M3:11,VF375,PB,PATIALA
489,31.06348,74.93769,2.9,npp,2023-10-30,13:M3:11,VF375,PB,FIROZPUR
490,31.05512,74.82104,4.1,npp,2023-10-30,13:M3:11,VF375,PB,FIROZPUR
491,31.04252,74.81866,8.2,npp,2023-10-30,13:M3:11,VF375,PB,FIROZPUR
492,31.03891,74.82336,36.0,npp,2023-10-30,13:M3:11,VF375,PB,FIROZPUR
493,31.01806,74.74323,4.6,npp,2023-10-30,13:M3:11,VF375,PB,FIROZPUR
494,31.20107,74.84235,2.0,npp,2023-10-30,13:M3:11,VF375,PB,TARN TARAN
495,31.03421,75.01426,4.5,npp,2023-10-30,13:M3:11,VF375,PB,FIROZPUR
496,31.23128,74.70167,4.7,npp,2023-10-30,13:M3:11,VF375,PB,TARN TARAN
497,31.22409,74.71101,6.9,npp,2023-10-30,13:M3:11,VF375,PB,TARN TARAN
498,30.0364,75.84764,6.0,npp,2023-10-30,13:M3:11,VF375,PB,SANGRUR
499,30.09957,76.05437,7.7,npp,2023-10-30,13:M3:11,VF375,PB,SANGRUR
500,31.21466,74.89109,2.5,npp,2023-10-30,13:M3:11,VF375,PB,TARN TARAN
501,31.22433,74.63661,3.2,npp,2023-10-30,13:M3:11,VF375,PB,TARN TARAN
502,31.2355,74.62674,3.1,npp,2023-10-30,13:M3:11,VF375,PB,TARN TARAN
503,31.19536,74.63261,6.2,npp,2023-10-30,13:M3:11,VF375,PB,TARN TARAN
504,31.19449,74.6344,6.1,npp,2023-10-30,13:M3:11,VF375,PB,TARN TARAN
505,31.24704,74.65804,4.5,npp,2023-10-30,13:M3:11,VF375,PB,TARN TARAN
506,31.24748,74.66211,4.5,npp,2023-10-30,13:M3:11,VF375,PB,TARN TARAN
507,31.24837,74.59516,5.0,npp,2023-10-30,13:M3:11,VF375,PB,TARN TARAN
508,30.2064,76.10325,4.9,npp,2023-10-30,13:M3:11,VF375,PB,PATIALA
509,30.2458,76.06002,11.7,npp,2023-10-30,13:M3:11,VF375,PB,SANGRUR
510,31.21889,74.66213,6.7,npp,2023-10-30,13:M3:11,VF375,PB,TARN TARAN
511,31.21487,74.66272,6.7,npp,2023-10-30,13:M3:11,VF375,PB,TARN TARAN
512,31.18793,74.6487,2.2,npp,2023-10-30,13:M3:11,VF375,PB,TARN TARAN
513,31.22476,74.64067,3.2,npp,2023-10-30,13:M3:11,VF375,PB,TARN TARAN
514,31.75101,75.22823,3.0,npp,2023-10-30,13:M3:11,VF375,PB,GURDASPUR
515,31.75147,75.23268,3.0,npp,2023-10-30,13:M3:11,VF375,PB,GURDASPUR
516,30.10403,75.96931,3.6,npp,2023-10-30,13:M3:11,VF375,PB,SANGRUR
517,30.1174,75.84715,12.2,npp,2023-10-30,13:M3:11,VF375,PB,SANGRUR
518,30.19696,76.0522,6.1,npp,2023-10-30,13:M3:11,VF375,PB,SANGRUR
519,30.20127,76.05164,3.9,npp,2023-10-30,13:M3:11,VF375,PB,SANGRUR
520,31.28646,74.60809,16.1,npp,2023-10-30,13:M3:11,VF375,PB,TARN TARAN
521,31.44287,74.8401,15.0,npp,2023-10-30,13:M3:11,VF375,PB,TARN TARAN
522,31.44244,74.83591,20.2,npp,2023-10-30,13:M3:11,VF375,PB,TARN TARAN
523,31.28996,74.67664,2.0,npp,2023-10-30,13:M3:11,VF375,PB,TARN TARAN
524,31.33161,74.72073,2.4,npp,2023-10-30,13:M3:11,VF375,PB,TARN TARAN
525,31.31256,74.99871,11.4,npp,2023-10-30,13:M3:11,VF375,PB,TARN TARAN
526,30.93462,74.69728,6.8,npp,2023-10-30,13:M3:11,VF375,PB,FIROZPUR
527,30.88995,74.81504,2.0,npp,2023-10-30,13:M3:11,VF375,PB,FIROZPUR
528,31.56787,74.93832,1.8,npp,2023-10-30,13:M3:11,VF375,PB,AMRITSAR
529,31.28145,74.71106,16.5,npp,2023-10-30,13:M3:11,VF375,PB,TARN TARAN
530,31.30214,74.90163,2.6,npp,2023-10-30,13:M3:11,VF375,PB,TARN TARAN
531,31.38323,74.74258,4.0,npp,2023-10-30,13:M3:11,VF375,PB,TARN TARAN
532,31.38772,74.74612,3.6,npp,2023-10-30,13:M3:11,VF375,PB,TARN TARAN
533,31.38368,74.74671,27.3,npp,2023-10-30,13:M3:11,VF375,PB,TARN TARAN
534,31.44971,74.82638,5.2,npp,2023-10-30,13:M3:11,VF375,PB,TARN TARAN
535,31.45378,74.8258,5.3,npp,2023-10-30,13:M3:11,VF375,PB,TARN TARAN
536,31.35461,74.98038,5.5,npp,2023-10-30,13:M3:11,VF375,PB,TARN TARAN
537,31.35915,74.98405,5.5,npp,2023-10-30,13:M3:11,VF375,PB,TARN TARAN
538,31.35871,74.97979,5.5,npp,2023-10-30,13:M3:11,VF375,PB,TARN TARAN
539,31.57034,74.88197,2.4,npp,2023-10-30,13:M3:11,VF375,PB,AMRITSAR
540,30.27911,75.89277,2.8,npp,2023-10-30,13:M3:11,VF375,PB,SANGRUR
541,31.60051,74.62403,2.9,npp,2023-10-30,13:M3:11,VF375,PB,AMRITSAR
542,31.27967,74.62038,8.0,npp,2023-10-30,13:M3:11,VF375,PB,TARN TARAN
543,30.30491,76.02074,9.6,npp,2023-10-30,13:M3:11,VF375,PB,SANGRUR
544,31.33073,74.83007,13.4,npp,2023-10-30,13:M3:11,VF375,PB,TARN TARAN
545,30.08284,75.8886,6.1,npp,2023-10-30,13:M3:11,VF375,PB,SANGRUR
547,31.97538,74.87125,2.9,npp,2023-10-30,13:M3:11,VF375,PB,AMRITSAR
548,31.42847,74.96996,4.8,npp,2023-10-30,13:M3:11,VF375,PB,TARN TARAN
549,29.95417,76.16091,4.6,npp,2023-10-30,13:M3:11,VF375,PB,PATIALA
550,29.86689,75.81942,3.0,npp,2023-10-30,13:M3:11,VF375,PB,SANGRUR
551,29.96284,76.10395,4.1,npp,2023-10-30,13:M3:11,VF375,PB,PATIALA
552,29.74605,75.8923,5.6,npp,2023-10-30,13:M3:11,VF375,PB,SANGRUR
553,29.7456,75.8878,5.5,npp,2023-10-30,13:M3:11,VF375,PB,SANGRUR
554,29.73859,75.98965,4.7,npp,2023-10-30,13:M3:11,VF375,PB,SANGRUR
555,29.74121,75.9295,5.7,npp,2023-10-30,13:M3:11,VF375,PB,SANGRUR
556,29.9492,75.83644,3.5,npp,2023-10-30,13:M3:11,VF375,PB,SANGRUR
557,31.65137,74.97863,2.8,npp,2023-10-30,13:M3:11,VF375,PB,AMRITSAR
558,29.99821,75.81165,5.3,npp,2023-10-30,13:M3:11,VF375,PB,SANGRUR
559,29.9738,75.78311,4.0,npp,2023-10-30,13:M3:11,VF375,PB,SANGRUR
560,29.98834,76.05345,1.8,npp,2023-10-30,13:M3:11,VF375,PB,PATIALA
561,29.83077,75.79931,9.5,npp,2023-10-30,13:M3:11,VF375,PB,SANGRUR
562,29.83124,75.80376,9.5,npp,2023-10-30,13:M3:11,VF375,PB,SANGRUR
563,30.01517,75.85046,5.4,npp,2023-10-30,13:M3:11,VF375,PB,SANGRUR
564,31.79568,75.1196,2.0,npp,2023-10-30,13:M3:11,VF375,PB,GURDASPUR
565,31.39131,74.77921,3.4,npp,2023-10-30,13:M3:11,VF375,PB,TARN TARAN
566,31.61789,74.5593,2.3,npp,2023-10-30,13:M3:11,VF375,PB,AMRITSAR
567,31.77772,74.90219,2.6,npp,2023-10-30,13:M3:11,VF375,PB,AMRITSAR
568,31.78183,74.90161,2.9,npp,2023-10-30,13:M3:11,VF375,PB,AMRITSAR
569,31.78549,74.89674,2.9,npp,2023-10-30,13:M3:11,VF375,PB,AMRITSAR
570,31.79524,74.99134,2.0,npp,2023-10-30,13:M3:11,VF375,PB,AMRITSAR
572,31.83565,74.93752,2.2,npp,2023-10-30,13:M3:11,VF375,PB,AMRITSAR
573,31.56435,74.90432,1.8,npp,2023-10-30,13:M3:11,VF375,PB,AMRITSAR
574,31.59824,74.71647,3.2,npp,2023-10-30,13:M3:11,VF375,PB,AMRITSAR
575,30.13067,76.0173,6.9,npp,2023-10-30,13:M3:11,VF375,PB,SANGRUR
576,31.77856,74.59566,6.8,npp,2023-10-30,13:M3:11,VF375,PB,AMRITSAR
578,29.89979,75.84685,39.6,npp,2023-10-30,13:M3:11,VF375,PB,SANGRUR
579,29.89415,75.83393,9.3,npp,2023-10-30,13:M3:11,VF375,PB,SANGRUR
580,29.89838,75.83337,9.3,npp,2023-10-30,13:M3:11,VF375,PB,SANGRUR
581,29.97341,75.94811,1.9,npp,2023-10-30,13:M3:11,VF375,PB,SANGRUR
582,29.99049,75.94585,6.2,npp,2023-10-30,13:M3:11,VF375,PB,SANGRUR
583,31.69525,74.77612,1.7,npp,2023-10-30,13:M3:11,VF375,PB,AMRITSAR
585,31.51347,74.72855,2.5,npp,2023-10-30,13:M3:11,VF375,PB,TARN TARAN
586,31.51392,74.73269,2.5,npp,2023-10-30,13:M3:11,VF375,PB,TARN TARAN
587,31.57178,74.66154,8.0,npp,2023-10-30,13:M3:11,VF375,PB,AMRITSAR
588,29.91573,76.17068,3.8,npp,2023-10-30,13:M3:11,VF375,PB,PATIALA
589,30.78838,74.34,4.2,npp,2023-10-30,13:M3:11,VF375,PB,FIROZPUR
590,31.27709,74.56033,8.3,npp,2023-10-30,13:M3:11,VF375,PB,TARN TARAN
591,31.28794,75.00217,7.9,npp,2023-10-30,13:M3:11,VF375,PB,TARN TARAN
592,31.26531,74.94526,3.9,npp,2023-10-30,13:M3:11,VF375,PB,TARN TARAN
593,31.26033,74.93742,12.5,npp,2023-10-30,13:M3:11,VF375,PB,TARN TARAN
594,31.26443,74.93684,12.5,npp,2023-10-30,13:M3:11,VF375,PB,TARN TARAN
595,31.25889,74.9633,4.6,npp,2023-10-30,13:M3:11,VF375,PB,TARN TARAN
596,31.26564,74.98811,2.2,npp,2023-10-30,13:M3:11,VF375,PB,TARN TARAN
597,31.26974,74.98753,2.2,npp,2023-10-30,13:M3:11,VF375,PB,TARN TARAN
599,29.92623,75.89362,5.6,npp,2023-10-30,13:M3:11,VF375,PB,SANGRUR
600,31.65279,74.76519,4.4,npp,2023-10-30,13:M3:11,VF375,PB,AMRITSAR
601,30.17926,75.91847,5.1,npp,2023-10-30,13:M3:11,VF375,PB,SANGRUR
602,31.50354,74.82719,3.8,npp,2023-10-30,13:M3:11,VF375,PB,TARN TARAN
603,30.16234,75.87901,4.1,npp,2023-10-30,13:M3:11,VF375,PB,SANGRUR
604,30.01469,75.84595,8.8,npp,2023-10-30,13:M3:11,VF375,PB,SANGRUR
605,31.98527,75.01041,1.7,npp,2023-10-30,13:M3:11,VF375,PB,GURDASPUR
606,31.98425,74.97455,2.9,npp,2023-10-30,13:M3:11,VF375,PB,GURDASPUR
607,31.97692,74.98438,1.9,npp,2023-10-30,13:M3:11,VF375,PB,GURDASPUR
608,31.59773,74.78841,13.9,npp,2023-10-30,13:M3:11,VF375,PB,AMRITSAR
609,30.32273,75.93832,9.1,npp,2023-10-30,13:M3:11,VF375,PB,SANGRUR
610,30.32655,75.93313,9.1,npp,2023-10-30,13:M3:11,VF375,PB,SANGRUR
611,29.99865,75.85724,11.1,npp,2023-10-30,13:M3:11,VF375,PB,SANGRUR
612,30.06678,76.09505,1.6,npp,2023-10-30,13:M3:11,VF375,PB,PATIALA
613,30.73347,76.45255,6.9,npp,2023-10-30,13:M3:11,VF375,PB,FATEHGARH SAHIB
614,30.35499,76.53381,3.3,npp,2023-10-30,13:M3:11,VF375,PB,PATIALA
615,30.40135,76.68708,5.4,npp,2023-10-30,13:M3:11,VF375,PB,PATIALA
618,30.27511,76.57711,2.8,npp,2023-10-30,13:M3:11,VF375,PB,PATIALA
619,30.49428,76.36818,9.0,npp,2023-10-30,13:M3:11,VF375,PB,FATEHGARH SAHIB
620,31.71741,74.67559,3.4,npp,2023-10-30,13:M3:11,VF375,PB,AMRITSAR
621,31.54613,74.80853,4.4,npp,2023-10-30,13:M3:11,VF375,PB,TARN TARAN
622,31.52799,74.82371,4.3,npp,2023-10-30,13:M3:11,VF375,PB,TARN TARAN
623,31.50129,74.8063,5.1,npp,2023-10-30,13:M3:11,VF375,PB,TARN TARAN
624,31.5742,74.80026,3.0,npp,2023-10-30,13:M3:11,VF375,PB,AMRITSAR
625,30.4063,76.41645,5.9,npp,2023-10-30,13:M3:11,VF375,PB,PATIALA
626,30.0456,75.86136,2.5,npp,2023-10-30,13:M3:11,VF375,PB,SANGRUR
627,30.0541,75.86021,2.8,npp,2023-10-30,13:M3:11,VF375,PB,SANGRUR
628,31.81532,74.70819,2.2,npp,2023-10-30,13:M3:11,VF375,PB,AMRITSAR
629,31.50396,74.60487,2.6,npp,2023-10-30,13:M3:11,VF375,PB,AMRITSAR
631,30.09817,76.0404,3.7,npp,2023-10-30,13:M3:11,VF375,PB,SANGRUR
632,31.8637,74.86049,5.4,npp,2023-10-30,13:M3:11,VF375,PB,AMRITSAR
633,31.86483,74.85957,5.8,npp,2023-10-30,13:M3:11,VF375,PB,AMRITSAR
634,31.85848,74.80948,3.5,npp,2023-10-30,13:M3:11,VF375,PB,AMRITSAR
635,31.8593,74.80864,4.1,npp,2023-10-30,13:M3:11,VF375,PB,AMRITSAR
636,30.66765,76.32975,5.0,npp,2023-10-30,13:M3:11,VF375,PB,FATEHGARH SAHIB
637,30.695,76.42691,3.0,npp,2023-10-30,13:M3:11,VF375,PB,FATEHGARH SAHIB
640,31.96175,74.9601,2.8,npp,2023-10-30,13:M3:11,VF375,PB,AMRITSAR
641,30.3866,76.22144,4.2,npp,2023-10-30,13:M3:11,VF375,PB,PATIALA
642,30.20202,76.37576,7.9,npp,2023-10-30,13:M3:11,VF375,PB,PATIALA
643,30.15412,76.33598,6.6,npp,2023-10-30,13:M3:11,VF375,PB,PATIALA
644,29.84089,75.85929,9.0,npp,2023-10-30,13:M3:11,VF375,PB,SANGRUR
645,29.8375,75.86189,4.3,npp,2023-10-30,13:M3:11,VF375,PB,SANGRUR
647,29.75213,75.90973,9.8,npp,2023-10-30,13:M3:11,VF375,PB,SANGRUR
649,29.78354,76.04866,3.1,npp,2023-10-30,13:M3:11,VF375,PB,SANGRUR
650,30.18037,76.64838,3.1,npp,2023-10-30,13:M3:11,VF375,PB,PATIALA
651,29.93851,75.88742,2.2,npp,2023-10-30,13:M3:11,VF375,PB,SANGRUR
652,30.50628,76.17146,7.2,npp,2023-10-30,13:M3:11,VF375,PB,PATIALA
653,29.76132,76.00049,3.9,npp,2023-10-30,13:M3:11,VF375,PB,SANGRUR
654,30.2031,76.51357,4.9,npp,2023-10-30,13:M3:11,VF375,PB,PATIALA
655,31.00692,76.0807,18.1,npp,2023-10-30,13:M3:11,VF375,PB,SBS NAGAR
657,30.17421,75.99858,5.5,npp,2023-10-30,13:M3:11,VF375,PB,SANGRUR
658,30.18449,76.05858,2.1,npp,2023-10-30,13:M3:11,VF375,PB,PATIALA
659,30.17467,76.00323,5.5,npp,2023-10-30,13:M3:11,VF375,PB,SANGRUR
660,30.91401,74.47298,5.2,npp,2023-10-30,13:M3:11,VF375,PB,FIROZPUR
661,30.77494,74.47186,16.6,npp,2023-10-30,13:M3:11,VF375,PB,FIROZPUR
662,30.7591,74.47417,7.8,npp,2023-10-30,13:M3:11,VF375,PB,FIROZPUR
663,30.76306,74.47359,7.8,npp,2023-10-30,13:M3:11,VF375,PB,FIROZPUR
664,30.76115,74.45605,2.5,npp,2023-10-30,13:M3:11,VF375,PB,FIROZPUR
665,30.75476,74.49451,17.3,npp,2023-10-30,13:M3:11,VF375,PB,FARIDKOT
666,30.75706,74.49236,8.6,npp,2023-10-30,13:M3:11,VF375,PB,FARIDKOT
667,30.93179,74.56056,17.4,npp,2023-10-30,13:M3:11,VF375,PB,FIROZPUR
668,30.93314,74.53622,5.1,npp,2023-10-30,13:M3:11,VF375,PB,FIROZPUR
669,30.96723,74.57175,15.5,npp,2023-10-30,13:M3:11,VF375,PB,FIROZPUR
670,29.91722,75.84908,11.7,npp,2023-10-30,13:M3:11,VF375,PB,SANGRUR
671,29.9177,75.85358,15.6,npp,2023-10-30,13:M3:11,VF375,PB,SANGRUR
672,29.90309,75.79644,3.1,npp,2023-10-30,13:M3:11,VF375,PB,SANGRUR
673,30.04889,74.98051,2.6,npp,2023-10-30,13:M3:11,VF375,PB,BATHINDA
674,29.98051,75.64293,18.3,npp,2023-10-30,13:M3:11,VF375,PB,MANSA
675,29.93781,75.59995,2.7,npp,2023-10-30,13:M3:11,VF375,PB,MANSA
676,29.92976,75.64539,4.1,npp,2023-10-30,13:M3:11,VF375,PB,MANSA
677,29.94943,75.90893,3.0,npp,2023-10-30,13:M3:11,VF375,PB,SANGRUR
678,30.01092,75.85102,5.4,npp,2023-10-30,13:M3:11,VF375,PB,SANGRUR
679,29.95996,75.85783,4.5,npp,2023-10-30,13:M3:11,VF375,PB,SANGRUR
680,29.8361,75.6045,2.4,npp,2023-10-30,13:M3:11,VF375,PB,MANSA
681,29.94027,75.70649,19.4,npp,2023-10-30,13:M3:11,VF375,PB,SANGRUR
682,30.86888,76.12095,3.4,npp,2023-10-30,13:M3:11,VF375,PB,LUDHIANA
683,30.32226,75.9337,9.1,npp,2023-10-30,13:M3:11,VF375,PB,SANGRUR
684,30.27438,75.88874,16.1,npp,2023-10-30,13:M3:11,VF375,PB,SANGRUR
685,30.27392,75.88416,16.1,npp,2023-10-30,13:M3:11,VF375,PB,SANGRUR
686,30.7906,75.7938,5.4,npp,2023-10-30,13:M3:11,VF375,PB,LUDHIANA
687,30.7352,75.55288,3.8,npp,2023-10-30,13:M3:11,VF375,PB,LUDHIANA
688,30.10421,75.60036,14.2,npp,2023-10-30,13:M3:11,VF375,PB,MANSA
689,30.10096,75.60972,13.7,npp,2023-10-30,13:M3:11,VF375,PB,MANSA
690,29.94565,75.35511,2.9,npp,2023-10-30,13:M3:11,VF375,PB,MANSA
691,29.86901,75.36124,3.9,npp,2023-10-30,13:M3:11,VF375,PB,MANSA
692,29.8704,75.37388,21.5,npp,2023-10-30,13:M3:11,VF375,PB,MANSA
693,30.07858,75.63949,3.8,npp,2023-10-30,13:M3:11,VF375,PB,SANGRUR
694,30.81901,74.57921,16.2,npp,2023-10-30,13:M3:11,VF375,PB,FIROZPUR
695,30.80529,74.45549,4.0,npp,2023-10-30,13:M3:11,VF375,PB,FIROZPUR
696,30.79601,74.48064,6.2,npp,2023-10-30,13:M3:11,VF375,PB,FIROZPUR
697,30.80599,74.42571,6.3,npp,2023-10-30,13:M3:11,VF375,PB,FIROZPUR
698,30.80139,74.42048,6.3,npp,2023-10-30,13:M3:11,VF375,PB,FIROZPUR
699,30.10141,75.77614,4.6,npp,2023-10-30,13:M3:11,VF375,PB,SANGRUR
700,30.74669,74.38917,9.0,npp,2023-10-30,13:M3:11,VF375,PB,FIROZPUR
701,30.60455,75.44835,4.1,npp,2023-10-30,13:M3:11,VF375,PB,LUDHIANA
702,30.57272,75.55105,5.4,npp,2023-10-30,13:M3:11,VF375,PB,BARNALA
703,30.15537,75.01486,3.2,npp,2023-10-30,13:M3:11,VF375,PB,BATHINDA
704,30.58288,75.36298,4.0,npp,2023-10-30,13:M3:11,VF375,PB,MOGA
705,30.51388,75.39828,7.2,npp,2023-10-30,13:M3:11,VF375,PB,BARNALA
706,30.85483,74.53786,8.2,npp,2023-10-30,13:M3:11,VF375,PB,FIROZPUR
707,30.94995,76.17666,2.7,npp,2023-10-30,13:M3:11,VF375,PB,LUDHIANA
708,30.74166,76.45904,5.1,npp,2023-10-30,13:M3:11,VF375,PB,FATEHGARH SAHIB
709,30.73247,76.4425,8.6,npp,2023-10-30,13:M3:11,VF375,PB,FATEHGARH SAHIB
710,30.33416,75.7975,12.4,npp,2023-10-30,13:M3:11,VF375,PB,SANGRUR
711,30.30215,75.73766,9.6,npp,2023-10-30,13:M3:11,VF375,PB,SANGRUR
712,30.73037,75.75518,8.2,npp,2023-10-30,13:M3:11,VF375,PB,LUDHIANA
713,30.66564,75.91208,3.3,npp,2023-10-30,13:M3:11,VF375,PB,LUDHIANA
714,30.3412,75.58071,4.2,npp,2023-10-30,13:M3:11,VF375,PB,BARNALA
715,30.30692,75.57906,3.7,npp,2023-10-30,13:M3:11,VF375,PB,BARNALA
716,29.85528,75.42753,6.5,npp,2023-10-30,13:M3:11,VF375,PB,MANSA
717,30.86796,74.76447,3.8,npp,2023-10-30,13:M3:11,VF375,PB,FIROZPUR
718,30.22583,75.49248,2.4,npp,2023-10-30,13:M3:11,VF375,PB,BARNALA
719,29.82776,75.97324,5.7,npp,2023-10-30,13:M3:11,VF375,PB,SANGRUR
721,30.23671,75.88762,3.1,npp,2023-10-30,13:M3:11,VF375,PB,SANGRUR
722,30.2453,75.97044,4.5,npp,2023-10-30,13:M3:11,VF375,PB,SANGRUR
723,30.23176,75.63737,3.4,npp,2023-10-30,13:M3:11,VF375,PB,BARNALA
724,30.14861,75.49323,3.8,npp,2023-10-30,13:M3:11,VF375,PB,MANSA
725,29.89218,75.53534,7.1,npp,2023-10-30,13:M3:11,VF375,PB,MANSA
726,29.89171,75.53103,4.0,npp,2023-10-30,13:M3:11,VF375,PB,MANSA
727,29.9439,75.57706,2.4,npp,2023-10-30,13:M3:11,VF375,PB,MANSA
728,30.286,75.54179,3.6,npp,2023-10-30,13:M3:11,VF375,PB,BARNALA
729,30.06331,75.78127,3.1,npp,2023-10-30,13:M3:11,VF375,PB,SANGRUR
730,30.05999,75.79079,5.7,npp,2023-10-30,13:M3:11,VF375,PB,SANGRUR
731,30.62079,75.56254,3.7,npp,2023-10-30,13:M3:11,VF375,PB,LUDHIANA
732,30.53965,75.64062,17.6,npp,2023-10-30,13:M3:11,VF375,PB,BARNALA
733,31.02101,75.47274,7.8,npp,2023-10-30,13:M3:11,VF375,PB,JALANDHAR
734,30.25951,75.69794,11.4,npp,2023-10-30,13:M3:11,VF375,PB,BARNALA
735,30.23371,75.69568,3.7,npp,2023-10-30,13:M3:11,VF375,PB,SANGRUR
736,30.17053,75.66363,3.7,npp,2023-10-30,13:M3:11,VF375,PB,SANGRUR
737,29.85099,75.78987,6.1,npp,2023-10-30,13:M3:11,VF375,PB,SANGRUR
738,30.08551,75.70584,5.9,npp,2023-10-30,13:M3:11,VF375,PB,SANGRUR
739,30.09863,75.66811,2.4,npp,2023-10-30,13:M3:11,VF375,PB,SANGRUR
740,31.08156,75.98454,1.4,npp,2023-10-30,13:M3:11,VF375,PB,SBS NAGAR
741,31.1139,75.63098,2.4,npp,2023-10-30,13:M3:11,VF375,PB,JALANDHAR
742,30.44929,75.83978,4.8,npp,2023-10-30,13:M3:11,VF375,PB,SANGRUR
743,30.17972,75.92307,6.5,npp,2023-10-30,13:M3:11,VF375,PB,SANGRUR
744,30.04262,75.66226,2.6,npp,2023-10-30,13:M3:11,VF375,PB,SANGRUR
745,30.02862,75.69456,4.5,npp,2023-10-30,13:M3:11,VF375,PB,SANGRUR
746,31.11476,75.92225,4.5,npp,2023-10-30,13:M3:11,VF375,PB,SBS NAGAR
747,31.11604,75.91898,4.5,npp,2023-10-30,13:M3:11,VF375,PB,SBS NAGAR
748,30.2097,75.87732,5.6,npp,2023-10-30,13:M3:11,VF375,PB,SANGRUR
749,30.18319,75.87158,3.2,npp,2023-10-30,13:M3:11,VF375,PB,SANGRUR
750,29.74022,75.98857,3.7,npp,2023-10-30,13:M3:11,VF375,PB,SANGRUR
751,31.06739,75.63123,3.7,npp,2023-10-30,13:M3:11,VF375,PB,JALANDHAR
752,31.11397,75.85211,3.9,npp,2023-10-30,13:M3:11,VF375,PB,JALANDHAR
753,31.09504,75.85775,2.6,npp,2023-10-30,13:M3:11,VF375,PB,JALANDHAR
754,30.10471,75.72581,7.3,npp,2023-10-30,13:M3:11,VF375,PB,SANGRUR
755,30.10893,75.76604,4.2,npp,2023-10-30,13:M3:11,VF375,PB,SANGRUR
756,30.08078,75.74261,35.0,npp,2023-10-30,13:M3:11,VF375,PB,SANGRUR
757,30.07939,75.72923,11.4,npp,2023-10-30,13:M3:11,VF375,PB,SANGRUR
758,30.08315,75.7242,11.4,npp,2023-10-30,13:M3:11,VF375,PB,SANGRUR
759,30.08223,75.71529,4.6,npp,2023-10-30,13:M3:11,VF375,PB,SANGRUR
761,29.83078,75.80164,16.0,npp,2023-10-30,13:M3:11,VF375,PB,SANGRUR
763,29.82628,75.75718,5.9,npp,2023-10-30,13:M3:11,VF375,PB,SANGRUR
766,31.08354,75.74562,4.8,npp,2023-10-30,13:M3:11,VF375,PB,JALANDHAR
767,30.92204,74.73193,6.9,npp,2023-10-30,13:M3:11,VF375,PB,FIROZPUR
768,30.87673,74.55273,2.8,npp,2023-10-30,13:M3:11,VF375,PB,FIROZPUR
769,30.58317,75.65382,12.7,npp,2023-10-30,13:M3:11,VF375,PB,BARNALA
770,29.81191,75.74335,7.8,npp,2023-10-30,13:M3:11,VF375,PB,SANGRUR
772,30.10134,75.85847,9.5,npp,2023-10-30,13:M3:11,VF375,PB,SANGRUR
773,30.04682,75.86459,5.0,npp,2023-10-30,13:M3:11,VF375,PB,SANGRUR
774,30.82694,74.61434,8.3,npp,2023-10-30,13:M3:11,VF375,PB,FARIDKOT
775,30.81277,74.82197,3.7,npp,2023-10-30,13:M3:11,VF375,PB,FIROZPUR
776,30.81855,74.83772,3.5,npp,2023-10-30,13:M3:11,VF375,PB,FIROZPUR
777,30.43664,75.47861,8.4,npp,2023-10-30,13:M3:11,VF375,PB,BARNALA
778,30.00669,75.47713,6.5,npp,2023-10-30,13:M3:11,VF375,PB,MANSA
779,30.00713,75.48144,6.5,npp,2023-10-30,13:M3:11,VF375,PB,MANSA
780,30.84423,74.58762,16.9,npp,2023-10-30,13:M3:11,VF375,PB,FIROZPUR
781,30.96568,74.57378,14.9,npp,2023-10-30,13:M3:11,VF375,PB,FIROZPUR
782,30.75483,74.8215,2.8,npp,2023-10-30,13:M3:11,VF375,PB,FARIDKOT
783,30.7526,74.80119,4.5,npp,2023-10-30,13:M3:11,VF375,PB,FARIDKOT
784,30.61164,74.35197,5.2,npp,2023-10-30,13:M3:11,VF375,PB,FIROZPUR
785,31.12801,75.3915,5.6,npp,2023-10-30,13:M3:11,VF375,PB,JALANDHAR
787,30.78087,75.672,5.0,npp,2023-10-30,13:M3:11,VF375,PB,LUDHIANA
788,30.799,75.5962,2.8,npp,2023-10-30,13:M3:11,VF375,PB,LUDHIANA
790,29.74545,75.92893,3.8,npp,2023-10-30,13:M3:11,VF375,PB,SANGRUR
791,30.5088,75.4697,9.1,npp,2023-10-30,13:M3:11,VF375,PB,BARNALA
792,30.47994,75.51814,9.8,npp,2023-10-30,13:M3:11,VF375,PB,BARNALA
793,30.5218,75.47236,3.9,npp,2023-10-30,13:M3:11,VF375,PB,BARNALA
794,30.97376,74.68241,13.3,npp,2023-10-30,13:M3:11,VF375,PB,FIROZPUR
795,30.78442,74.74772,6.1,npp,2023-10-30,13:M3:11,VF375,PB,FARIDKOT
796,30.78342,74.74748,3.4,npp,2023-10-30,13:M3:11,VF375,PB,FARIDKOT
797,30.3006,76.02131,13.9,npp,2023-10-30,13:M3:11,VF375,PB,SANGRUR
798,30.58609,76.39861,12.6,npp,2023-10-30,13:M3:11,VF375,PB,FATEHGARH SAHIB
799,30.51497,76.48628,10.1,npp,2023-10-30,13:M3:11,VF375,PB,FATEHGARH SAHIB
800,30.2039,74.56602,29.6,npp,2023-10-30,13:M3:11,VF375,PB,MUKTSAR
801,30.28339,76.16991,11.2,npp,2023-10-30,13:M3:11,VF375,PB,SANGRUR
802,30.28418,76.16685,6.7,npp,2023-10-30,13:M3:11,VF375,PB,SANGRUR
803,30.62894,76.44038,6.1,npp,2023-10-30,13:M3:11,VF375,PB,FATEHGARH SAHIB
804,30.63038,76.43839,3.8,npp,2023-10-30,13:M3:11,VF375,PB,FATEHGARH SAHIB
805,30.20208,76.10381,5.7,npp,2023-10-30,13:M3:11,VF375,PB,PATIALA
806,30.24095,76.14174,6.9,npp,2023-10-30,13:M3:11,VF375,PB,SANGRUR
807,30.64274,74.66212,6.4,npp,2023-10-30,13:M3:11,VF375,PB,FARIDKOT
808,30.44088,74.42581,8.2,npp,2023-10-30,13:M3:11,VF375,PB,MUKTSAR
809,30.75214,74.50682,9.2,npp,2023-10-30,13:M3:11,VF375,PB,FARIDKOT
810,30.75436,74.50468,12.3,npp,2023-10-30,13:M3:11,VF375,PB,FARIDKOT
811,30.75147,74.50095,17.3,npp,2023-10-30,13:M3:11,VF375,PB,FARIDKOT
812,30.7561,74.50624,9.2,npp,2023-10-30,13:M3:11,VF375,PB,FARIDKOT
813,30.70312,75.40939,6.0,npp,2023-10-30,13:M3:11,VF375,PB,LUDHIANA
814,30.70079,75.42748,6.5,npp,2023-10-30,13:M3:11,VF375,PB,LUDHIANA
815,30.68727,75.46052,6.9,npp,2023-10-30,13:M3:11,VF375,PB,LUDHIANA
816,30.75022,75.40915,8.4,npp,2023-10-30,13:M3:11,VF375,PB,LUDHIANA
820,30.7171,74.85167,10.0,npp,2023-10-30,13:M3:11,VF375,PB,FARIDKOT
821,30.05438,75.90623,6.8,npp,2023-10-30,13:M3:11,VF375,PB,SANGRUR
822,30.05116,75.90544,2.2,npp,2023-10-30,13:M3:11,VF375,PB,SANGRUR
823,30.05542,75.90488,2.2,npp,2023-10-30,13:M3:11,VF375,PB,SANGRUR
825,29.832,75.72948,13.7,npp,2023-10-30,13:M3:11,VF375,PB,MANSA
826,29.82914,75.74332,12.0,npp,2023-10-30,13:M3:11,VF375,PB,MANSA
827,30.14975,75.38395,2.7,npp,2023-10-30,13:M3:11,VF375,PB,MANSA
828,30.99656,75.52604,2.9,npp,2023-10-30,13:M3:11,VF375,PB,JALANDHAR
829,31.01725,75.82054,8.1,npp,2023-10-30,13:M3:11,VF375,PB,JALANDHAR
830,30.9857,75.41895,3.8,npp,2023-10-30,13:M3:11,VF375,PB,LUDHIANA
831,30.67841,74.42277,4.2,npp,2023-10-30,13:M3:11,VF375,PB,FIROZPUR
832,29.89685,75.98518,6.4,npp,2023-10-30,13:M3:11,VF375,PB,SANGRUR
833,30.16011,75.92461,8.9,npp,2023-10-30,13:M3:11,VF375,PB,SANGRUR
834,30.11546,75.95379,4.7,npp,2023-10-30,13:M3:11,VF375,PB,SANGRUR
835,30.1136,75.89371,8.7,npp,2023-10-30,13:M3:11,VF375,PB,SANGRUR
836,30.12214,75.89258,9.8,npp,2023-10-30,13:M3:11,VF375,PB,SANGRUR
837,30.11407,75.89828,8.7,npp,2023-10-30,13:M3:11,VF375,PB,SANGRUR
838,30.11267,75.88461,5.5,npp,2023-10-30,13:M3:11,VF375,PB,SANGRUR
839,29.85544,75.8756,2.6,npp,2023-10-30,13:M3:11,VF375,PB,SANGRUR
840,30.6134,74.16159,4.2,npp,2023-10-30,13:M3:11,VF375,PB,FAZILKA
841,30.77075,74.32506,10.3,npp,2023-10-30,13:M3:11,VF375,PB,FIROZPUR
842,30.71782,74.38168,4.1,npp,2023-10-30,13:M3:11,VF375,PB,FIROZPUR
843,30.50193,74.22401,6.1,npp,2023-10-30,13:M3:11,VF375,PB,FAZILKA
844,30.17696,74.19582,5.6,npp,2023-10-30,13:M3:11,VF375,PB,FAZILKA
845,30.21159,76.59853,4.3,npp,2023-10-30,13:M3:11,VF375,PB,PATIALA
846,30.27358,76.6079,7.3,npp,2023-10-30,13:M3:11,VF375,PB,PATIALA
847,31.48284,75.48433,2.3,npp,2023-10-30,13:M3:11,VF375,PB,JALANDHAR
848,30.86481,74.39107,13.3,npp,2023-10-30,13:M3:11,VF375,PB,FIROZPUR
849,30.66668,74.38924,9.6,npp,2023-10-30,13:M3:11,VF375,PB,FIROZPUR
850,30.84825,76.35426,3.9,npp,2023-10-30,13:M3:11,VF375,PB,FATEHGARH SAHIB
851,32.04641,75.31046,0.7,npp,2023-10-30,02:M3:11,VF375,PB,GURDASPUR
852,32.04592,75.30942,0.6,npp,2023-10-30,02:M3:11,VF375,PB,GURDASPUR
853,30.42179,74.8552,14.9,npp,2023-10-30,13:M3:11,VF375,PB,FARIDKOT
854,29.90902,75.36449,4.3,npp,2023-10-30,13:M3:11,VF375,PB,MANSA
855,29.9944,76.11397,17.0,npp,2023-10-30,13:M3:11,VF375,PB,PATIALA
858,30.02886,75.8578,8.5,npp,2023-10-30,13:M3:11,VF375,PB,SANGRUR
859,29.81929,75.69324,2.7,npp,2023-10-30,13:M3:11,VF375,PB,MANSA
860,29.83304,75.69804,57.4,npp,2023-10-30,13:M3:11,VF375,PB,MANSA
861,29.81954,75.69096,5.1,npp,2023-10-30,13:M3:11,VF375,PB,MANSA
862,30.04428,75.72044,2.6,npp,2023-10-30,13:M3:11,VF375,PB,SANGRUR
863,30.02727,75.72172,4.4,npp,2023-10-30,13:M3:11,VF375,PB,SANGRUR
864,30.02305,75.72227,4.4,npp,2023-10-30,13:M3:11,VF375,PB,SANGRUR
865,30.03145,75.76286,3.3,npp,2023-10-30,13:M3:11,VF375,PB,SANGRUR
866,30.03208,75.7266,4.2,npp,2023-10-30,13:M3:11,VF375,PB,SANGRUR
867,29.78665,75.66656,6.5,npp,2023-10-30,13:M3:11,VF375,PB,MANSA
868,29.83498,75.67552,7.2,npp,2023-10-30,13:M3:11,VF375,PB,MANSA
869,29.79408,75.6567,1.9,npp,2023-10-30,13:M3:11,VF375,PB,MANSA
870,29.83542,75.67989,7.2,npp,2023-10-30,13:M3:11,VF375,PB,MANSA
871,29.7899,75.65726,5.2,npp,2023-10-30,13:M3:11,VF375,PB,MANSA
872,29.98884,75.76299,3.5,npp,2023-10-30,13:M3:11,VF375,PB,SANGRUR
873,29.90025,75.89251,4.1,npp,2023-10-30,13:M3:11,VF375,PB,SANGRUR
874,30.80898,75.5267,4.2,npp,2023-10-30,13:M3:11,VF375,PB,LUDHIANA
875,29.98288,75.95613,10.8,npp,2023-10-30,13:M3:11,VF375,PB,SANGRUR
876,32.00983,75.08715,9.0,npp,2023-10-30,13:M3:11,VF375,PB,GURDASPUR
877,31.17655,75.44822,9.2,npp,2023-10-30,13:M3:11,VF375,PB,JALANDHAR
878,31.04106,75.54282,4.9,npp,2023-10-30,13:M3:11,VF375,PB,JALANDHAR
879,29.94641,75.68327,9.8,npp,2023-10-30,13:M3:11,VF375,PB,SANGRUR
880,29.81163,75.94312,4.1,npp,2023-10-30,13:M3:11,VF375,PB,SANGRUR
881,31.15891,75.8653,2.7,npp,2023-10-30,13:M3:11,VF375,PB,JALANDHAR
882,32.03369,75.15582,3.0,npp,2023-10-30,13:M3:11,VF375,PB,GURDASPUR
883,32.02037,75.23483,3.5,npp,2023-10-30,13:M3:11,VF375,PB,GURDASPUR
884,31.56343,75.47939,7.2,npp,2023-10-30,13:M3:11,VF375,PB,KAPURTHALA
886,31.17634,75.4492,9.8,npp,2023-10-30,13:M3:11,VF375,PB,JALANDHAR
887,30.46456,76.52311,2.9,npp,2023-10-30,13:M3:11,VF375,PB,PATIALA
888,30.59358,76.66369,12.3,npp,2023-10-30,13:M3:11,VF375,PB,PATIALA
889,30.73992,76.47211,6.9,npp,2023-10-30,13:M3:11,VF375,PB,FATEHGARH SAHIB
890,30.62151,76.4395,5.3,npp,2023-10-30,13:M3:11,VF375,PB,FATEHGARH SAHIB
891,30.92412,75.6496,5.2,npp,2023-10-30,13:M3:11,VF375,PB,LUDHIANA
893,31.60466,75.42849,5.0,npp,2023-10-30,13:M3:11,VF375,PB,KAPURTHALA
894,31.60525,75.42758,5.3,npp,2023-10-30,13:M3:11,VF375,PB,KAPURTHALA
895,31.6367,75.53548,5.3,npp,2023-10-30,13:M3:11,VF375,PB,KAPURTHALA
896,31.706,75.37317,3.9,npp,2023-10-30,13:M3:11,VF375,PB,GURDASPUR
897,31.70626,75.37547,7.8,npp,2023-10-30,13:M3:11,VF375,PB,GURDASPUR
898,31.69994,75.39697,5.4,npp,2023-10-30,13:M3:11,VF375,PB,GURDASPUR
899,31.49984,75.40069,2.6,npp,2023-10-30,13:M3:11,VF375,PB,KAPURTHALA
900,31.71172,75.42761,2.7,npp,2023-10-30,13:M3:11,VF375,PB,GURDASPUR
901,31.71164,75.43006,4.4,npp,2023-10-30,13:M3:11,VF375,PB,GURDASPUR
902,31.14723,75.74809,4.0,npp,2023-10-30,13:M3:11,VF375,PB,JALANDHAR
903,31.72856,75.42772,2.8,npp,2023-10-30,13:M3:11,VF375,PB,GURDASPUR
904,31.91939,75.49628,2.7,npp,2023-10-30,13:M3:11,VF375,PB,GURDASPUR
905,29.82283,75.35909,8.4,npp,2023-10-30,13:M3:11,VF375,PB,MANSA
906,30.35331,74.60014,10.2,npp,2023-10-30,13:M3:11,VF375,PB,MUKTSAR
907,30.40847,74.80811,17.3,npp,2023-10-30,13:M3:11,VF375,PB,FARIDKOT
908,30.43164,74.83332,11.1,npp,2023-10-30,13:M3:11,VF375,PB,FARIDKOT
909,30.4312,74.8293,11.1,npp,2023-10-30,13:M3:11,VF375,PB,FARIDKOT
910,30.31825,75.31543,8.5,npp,2023-10-30,13:M3:11,VF375,PB,BATHINDA
911,30.19934,75.23606,36.9,npp,2023-10-30,13:M3:11,VF375,PB,BATHINDA
912,30.21399,75.21697,3.9,npp,2023-10-30,13:M3:11,VF375,PB,BATHINDA
913,30.35876,74.88441,13.9,npp,2023-10-30,13:M3:11,VF375,PB,BATHINDA
914,30.35473,74.88499,4.5,npp,2023-10-30,13:M3:11,VF375,PB,BATHINDA
915,30.27142,74.90919,2.9,npp,2023-10-30,13:M3:11,VF375,PB,BATHINDA
916,29.991,75.28535,6.7,npp,2023-10-30,13:M3:11,VF375,PB,MANSA
917,30.02689,75.34875,2.3,npp,2023-10-30,13:M3:11,VF375,PB,MANSA
918,30.17137,75.27333,4.2,npp,2023-10-30,13:M3:11,VF375,PB,BATHINDA
919,30.07133,75.37273,11.6,npp,2023-10-30,13:M3:11,VF375,PB,MANSA
920,31.34738,75.70671,3.3,npp,2023-10-30,13:M3:11,VF375,PB,KAPURTHALA
921,30.03729,75.81554,4.4,npp,2023-10-30,13:M3:11,VF375,PB,SANGRUR
922,30.03777,75.82003,4.6,npp,2023-10-30,13:M3:11,VF375,PB,SANGRUR
923,30.03394,75.78412,6.7,npp,2023-10-30,13:M3:11,VF375,PB,SANGRUR
924,30.03703,75.77572,5.1,npp,2023-10-30,13:M3:11,VF375,PB,SANGRUR
925,30.02876,75.77573,5.7,npp,2023-10-30,13:M3:11,VF375,PB,SANGRUR
926,30.03414,75.78974,9.1,npp,2023-10-30,13:M3:11,VF375,PB,SANGRUR
927,30.04865,75.806,4.1,npp,2023-10-30,13:M3:11,VF375,PB,SANGRUR
928,30.13328,75.63281,1.6,npp,2023-10-30,13:M3:11,VF375,PB,SANGRUR
929,30.49205,76.86334,4.6,npp,2023-10-30,13:M3:11,VF375,PB,SAS NAGAR (MOHALI)
930,30.58908,76.66426,12.3,npp,2023-10-30,13:M3:11,VF375,PB,PATIALA
932,30.17083,76.00843,4.9,npp,2023-10-30,13:M3:11,VF375,PB,SANGRUR
933,30.31852,76.29384,2.6,npp,2023-10-30,13:M3:11,VF375,PB,PATIALA
934,30.22272,76.31398,4.5,npp,2023-10-30,13:M3:11,VF375,PB,PATIALA
935,30.45868,76.50861,7.0,npp,2023-10-30,13:M3:11,VF375,PB,PATIALA
937,31.01128,76.08013,11.8,npp,2023-10-30,13:M3:11,VF375,PB,SBS NAGAR
940,31.1589,76.18309,4.8,npp,2023-10-30,13:M3:11,VF375,PB,HOSHIARPUR
941,30.20241,76.37413,6.1,npp,2023-10-30,13:M3:11,VF375,PB,PATIALA
942,30.72406,76.40299,3.0,npp,2023-10-30,13:M3:11,VF375,PB,FATEHGARH SAHIB
945,30.27804,76.60735,7.3,npp,2023-10-30,13:M3:11,VF375,PB,PATIALA
946,29.96558,76.10257,2.9,npp,2023-10-30,13:M3:11,VF375,PB,PATIALA
947,29.99394,76.1093,10.0,npp,2023-10-30,13:M3:11,VF375,PB,PATIALA
948,29.86877,76.00751,4.5,npp,2023-10-30,13:M3:11,VF375,PB,SANGRUR
950,30.61462,76.46064,9.3,npp,2023-10-30,13:M3:11,VF375,PB,FATEHGARH SAHIB
952,30.57049,76.33051,7.6,npp,2023-10-30,13:M3:11,VF375,PB,FATEHGARH SAHIB
953,29.8102,76.05447,5.3,npp,2023-10-30,13:M3:11,VF375,PB,SANGRUR
954,29.81067,76.05908,6.5,npp,2023-10-30,13:M3:11,VF375,PB,SANGRUR
955,30.44886,74.72215,6.0,npp,2023-10-30,13:M3:11,VF375,PB,MUKTSAR
956,31.72659,75.57031,3.9,npp,2023-10-30,13:M3:11,VF375,PB,HOSHIARPUR
957,31.72756,75.57961,2.3,npp,2023-10-30,13:M3:11,VF375,PB,HOSHIARPUR
959,30.26449,75.33867,3.7,npp,2023-10-30,13:M3:11,VF375,PB,BATHINDA
960,30.29201,75.2831,3.0,npp,2023-10-30,13:M3:11,VF375,PB,BATHINDA
961,30.43037,76.30684,8.7,npp,2023-10-30,13:M3:11,VF375,PB,PATIALA
962,30.28464,76.17161,6.7,npp,2023-10-30,13:M3:11,VF375,PB,SANGRUR
963,29.76884,75.34779,4.2,npp,2023-10-30,13:M3:11,VF375,PB,MANSA
964,29.65413,75.31277,5.0,npp,2023-10-30,13:M3:11,VF375,PB,MANSA
968,30.43579,75.09874,14.7,npp,2023-10-30,13:M3:11,VF375,PB,BATHINDA
969,31.57942,75.50967,4.0,npp,2023-10-30,13:M3:11,VF375,PB,KAPURTHALA
970,31.58271,75.41685,3.4,npp,2023-10-30,13:M3:11,VF375,PB,KAPURTHALA
971,31.56583,75.41914,4.0,npp,2023-10-30,13:M3:11,VF375,PB,KAPURTHALA
972,31.56669,75.51138,6.7,npp,2023-10-30,13:M3:11,VF375,PB,KAPURTHALA
973,31.56622,75.50681,6.7,npp,2023-10-30,13:M3:11,VF375,PB,KAPURTHALA
974,29.82301,75.24467,13.8,npp,2023-10-30,13:M3:11,VF375,PB,MANSA
975,30.42945,75.48056,4.3,npp,2023-10-30,13:M3:11,VF375,PB,BARNALA
976,29.84656,75.42442,3.8,npp,2023-10-30,13:M3:11,VF375,PB,MANSA
977,29.64226,75.24313,7.0,npp,2023-10-30,13:M3:11,VF375,PB,MANSA
978,30.49167,75.42777,6.9,npp,2023-10-30,13:M3:11,VF375,PB,BARNALA
979,29.92968,75.32314,9.8,npp,2023-10-30,13:M3:11,VF375,PB,MANSA
980,29.86814,75.43007,2.1,npp,2023-10-30,13:M3:11,VF375,PB,MANSA
981,29.91703,75.4409,3.2,npp,2023-10-30,13:M3:11,VF375,PB,MANSA
982,30.72906,76.59161,6.7,npp,2023-10-30,13:M3:11,VF375,PB,SAS NAGAR (MOHALI)
983,29.78811,75.22857,5.6,npp,2023-10-30,13:M3:11,VF375,PB,MANSA
984,29.81722,75.15346,4.0,npp,2023-10-30,13:M3:11,VF375,PB,BATHINDA
986,30.78253,76.27738,3.2,npp,2023-10-30,13:M3:11,VF375,PB,FATEHGARH SAHIB
988,30.18183,76.30302,3.0,npp,2023-10-30,13:M3:11,VF375,PB,PATIALA
989,30.21162,76.29092,2.2,npp,2023-10-30,13:M3:11,VF375,PB,PATIALA
992,32.02769,74.97348,2.3,npp,2023-10-30,13:M3:11,VF375,PB,GURDASPUR
994,30.16884,76.00757,7.6,npp,2023-10-30,13:M3:11,VF375,PB,SANGRUR
995,30.15838,76.03247,3.5,npp,2023-10-30,13:M3:11,VF375,PB,SANGRUR
996,30.13736,76.03996,3.5,npp,2023-10-30,13:M3:11,VF375,PB,SANGRUR
997,31.4183,75.15025,4.4,npp,2023-10-30,13:M3:11,VF375,PB,TARN TARAN
998,31.39893,75.1663,7.7,npp,2023-10-30,13:M3:11,VF375,PB,TARN TARAN
999,31.39938,75.17066,7.7,npp,2023-10-30,13:M3:11,VF375,PB,TARN TARAN
1000,31.46932,75.05619,4.4,npp,2023-10-30,13:M3:11,VF375,PB,TARN TARAN
1001,31.27503,75.20048,4.5,npp,2023-10-30,13:M3:11,VF375,PB,KAPURTHALA
1002,31.37013,75.22273,4.0,npp,2023-10-30,13:M3:11,VF375,PB,KAPURTHALA
1003,31.37103,75.2234,2.9,npp,2023-10-30,13:M3:11,VF375,PB,KAPURTHALA
1004,31.01467,75.01632,2.8,npp,2023-10-30,13:M3:11,VF375,PB,FIROZPUR
1005,30.94389,75.34811,1.8,npp,2023-10-30,13:M3:11,VF375,PB,MOGA
1006,31.47573,75.33456,14.9,npp,2023-10-30,13:M3:11,VF375,PB,KAPURTHALA
1007,31.40458,75.09938,4.6,npp,2023-10-30,13:M3:11,VF375,PB,TARN TARAN
1008,31.14573,75.06356,2.6,npp,2023-10-30,13:M3:11,VF375,PB,FIROZPUR
1009,31.38263,75.2129,6.7,npp,2023-10-30,13:M3:11,VF375,PB,KAPURTHALA
1010,31.44407,75.07635,2.2,npp,2023-10-30,13:M3:11,VF375,PB,TARN TARAN
1011,31.0792,75.04652,3.3,npp,2023-10-30,13:M3:11,VF375,PB,FIROZPUR
1012,31.08285,75.04172,9.1,npp,2023-10-30,13:M3:11,VF375,PB,FIROZPUR
1013,31.98231,75.4893,2.3,npp,2023-10-30,13:M3:11,VF375,PB,GURDASPUR
1014,29.97164,75.1405,3.2,npp,2023-10-30,13:M3:11,VF375,PB,BATHINDA
1015,30.05167,75.07921,12.0,npp,2023-10-30,13:M3:11,VF375,PB,BATHINDA
1016,29.99726,75.18717,7.0,npp,2023-10-30,13:M3:11,VF375,PB,BATHINDA
1017,30.003,75.24121,3.9,npp,2023-10-30,13:M3:11,VF375,PB,BATHINDA
1019,31.61924,75.53318,8.2,npp,2023-10-30,13:M3:11,VF375,PB,KAPURTHALA
1020,30.05578,75.26778,7.8,npp,2023-10-30,13:M3:11,VF375,PB,BATHINDA
1021,30.00665,75.23647,3.9,npp,2023-10-30,13:M3:11,VF375,PB,BATHINDA
1022,30.7831,74.36424,5.9,npp,2023-10-30,13:M3:11,VF375,PB,FIROZPUR
1023,30.74566,74.38744,7.0,npp,2023-10-30,13:M3:11,VF375,PB,FIROZPUR
1024,30.78367,74.40537,3.0,npp,2023-10-30,13:M3:11,VF375,PB,FIROZPUR
1025,30.75811,74.39147,3.0,npp,2023-10-30,13:M3:11,VF375,PB,FIROZPUR
1026,31.35842,75.11398,7.6,npp,2023-10-30,13:M3:11,VF375,PB,TARN TARAN
1027,31.33729,75.11259,4.3,npp,2023-10-30,13:M3:11,VF375,PB,TARN TARAN
1028,31.35999,75.1144,7.0,npp,2023-10-30,13:M3:11,VF375,PB,TARN TARAN
1029,29.96425,75.1453,4.7,npp,2023-10-30,13:M3:11,VF375,PB,BATHINDA
1030,31.39577,75.1358,7.9,npp,2023-10-30,13:M3:11,VF375,PB,TARN TARAN
1031,29.95937,75.28919,3.5,npp,2023-10-30,13:M3:11,VF375,PB,MANSA
1032,29.99541,75.62314,2.8,npp,2023-10-30,13:M3:11,VF375,PB,MANSA
1034,29.94051,75.42469,6.4,npp,2023-10-30,13:M3:11,VF375,PB,MANSA
1038,29.93682,75.75645,7.2,npp,2023-10-30,13:M3:11,VF375,PB,SANGRUR
1039,30.73377,75.45865,3.6,npp,2023-10-30,13:M3:11,VF375,PB,LUDHIANA
1040,29.9156,75.6735,2.1,npp,2023-10-30,13:M3:11,VF375,PB,SANGRUR
1041,30.7073,75.40881,6.0,npp,2023-10-30,13:M3:11,VF375,PB,LUDHIANA
1042,30.70451,75.42253,7.8,npp,2023-10-30,13:M3:11,VF375,PB,LUDHIANA
1043,30.71518,75.4033,9.2,npp,2023-10-30,13:M3:11,VF375,PB,LUDHIANA
1044,30.74977,75.40476,5.4,npp,2023-10-30,13:M3:11,VF375,PB,LUDHIANA
1045,30.7495,75.4075,11.9,npp,2023-10-30,13:M3:11,VF375,PB,LUDHIANA
1046,30.73183,75.36119,1.1,npp,2023-10-30,13:M3:11,VF375,PB,MOGA
1047,30.70779,75.29418,5.1,npp,2023-10-30,13:M3:11,VF375,PB,MOGA
1048,30.70824,75.25922,5.0,npp,2023-10-30,13:M3:11,VF375,PB,MOGA
1049,30.70723,75.48911,7.3,npp,2023-10-30,13:M3:11,VF375,PB,LUDHIANA
1050,30.58101,75.59052,15.3,npp,2023-10-30,13:M3:11,VF375,PB,BARNALA
1051,30.83167,75.7486,3.5,npp,2023-10-30,13:M3:11,VF375,PB,LUDHIANA
1052,30.616,75.24068,4.2,npp,2023-10-30,13:M3:11,VF375,PB,MOGA
1053,30.82178,75.06455,4.5,npp,2023-10-30,13:M3:11,VF375,PB,MOGA
1054,30.84303,75.22993,3.4,npp,2023-10-30,13:M3:11,VF375,PB,MOGA
1055,30.63762,75.34774,1.3,npp,2023-10-30,13:M3:11,VF375,PB,MOGA
1056,30.62666,75.30006,8.0,npp,2023-10-30,13:M3:11,VF375,PB,MOGA
1057,30.80884,75.77962,12.1,npp,2023-10-30,13:M3:11,VF375,PB,LUDHIANA
1058,30.79311,75.79575,4.5,npp,2023-10-30,13:M3:11,VF375,PB,LUDHIANA
1059,30.67567,75.22897,4.9,npp,2023-10-30,13:M3:11,VF375,PB,MOGA
1060,30.60822,75.52377,3.3,npp,2023-10-30,13:M3:11,VF375,PB,LUDHIANA
1061,30.57546,75.70519,3.3,npp,2023-10-30,13:M3:11,VF375,PB,SANGRUR
1062,30.87448,75.58277,19.0,npp,2023-10-30,13:M3:11,VF375,PB,LUDHIANA
1063,30.87505,75.58596,10.0,npp,2023-10-30,13:M3:11,VF375,PB,LUDHIANA
1064,30.87457,75.58146,10.0,npp,2023-10-30,13:M3:11,VF375,PB,LUDHIANA
1065,30.59214,75.33102,4.5,npp,2023-10-30,13:M3:11,VF375,PB,MOGA
1066,30.98947,75.82317,4.8,npp,2023-10-30,13:M3:11,VF375,PB,LUDHIANA
1067,30.61708,75.44665,3.2,npp,2023-10-30,13:M3:11,VF375,PB,LUDHIANA
1068,30.54679,75.02431,2.1,npp,2023-10-30,13:M3:11,VF375,PB,MOGA
1069,30.86105,75.74001,4.1,npp,2023-10-30,13:M3:11,VF375,PB,LUDHIANA
1070,30.89022,75.32001,3.9,npp,2023-10-30,13:M3:11,VF375,PB,MOGA
1071,30.95017,75.36117,3.3,npp,2023-10-30,13:M3:11,VF375,PB,MOGA
1072,30.94946,75.36068,1.9,npp,2023-10-30,13:M3:11,VF375,PB,MOGA
1073,30.87313,75.31795,2.0,npp,2023-10-30,13:M3:11,VF375,PB,MOGA
1074,30.87557,75.42432,2.2,npp,2023-10-30,13:M3:11,VF375,PB,LUDHIANA
1075,30.72897,75.74144,6.2,npp,2023-10-30,13:M3:11,VF375,PB,LUDHIANA
1076,30.59766,75.3434,6.3,npp,2023-10-30,13:M3:11,VF375,PB,MOGA
1077,30.92837,75.64902,5.2,npp,2023-10-30,13:M3:11,VF375,PB,LUDHIANA
1078,30.80432,75.52281,4.0,npp,2023-10-30,13:M3:11,VF375,PB,LUDHIANA
1079,30.70362,75.17757,5.9,npp,2023-10-30,13:M3:11,VF375,PB,MOGA
1080,29.78816,75.34688,1.9,npp,2023-10-30,13:M3:11,VF375,PB,MANSA
1081,29.79695,75.31168,29.3,npp,2023-10-30,13:M3:11,VF375,PB,MANSA
1082,29.92479,75.72205,3.5,npp,2023-10-30,13:M3:11,VF375,PB,MANSA
1083,29.83681,75.81892,4.5,npp,2023-10-30,13:M3:11,VF375,PB,SANGRUR
1084,29.82779,75.73005,11.5,npp,2023-10-30,13:M3:11,VF375,PB,MANSA
1085,29.82645,75.75936,5.3,npp,2023-10-30,13:M3:11,VF375,PB,SANGRUR
1086,30.59445,75.80894,4.0,npp,2023-10-30,13:M3:11,VF375,PB,SANGRUR
1087,30.56341,75.54333,3.7,npp,2023-10-30,13:M3:11,VF375,PB,BARNALA
1088,30.6805,75.68794,4.1,npp,2023-10-30,13:M3:11,VF375,PB,LUDHIANA
1089,30.59333,75.50336,3.3,npp,2023-10-30,13:M3:11,VF375,PB,LUDHIANA
1090,30.80925,75.02375,5.0,npp,2023-10-30,13:M3:11,VF375,PB,MOGA
1091,30.7333,75.45425,3.6,npp,2023-10-30,13:M3:11,VF375,PB,LUDHIANA
1092,29.93395,75.64483,4.1,npp,2023-10-30,13:M3:11,VF375,PB,MANSA
1093,29.84051,75.4858,7.5,npp,2023-10-30,13:M3:11,VF375,PB,MANSA
1094,29.85346,75.37194,4.3,npp,2023-10-30,13:M3:11,VF375,PB,MANSA
1095,29.82447,75.45336,3.7,npp,2023-10-30,13:M3:11,VF375,PB,MANSA
1096,29.83393,75.15527,5.0,npp,2023-10-30,13:M3:11,VF375,PB,BATHINDA
1097,29.87679,75.7909,3.4,npp,2023-10-30,13:M3:11,VF375,PB,SANGRUR
1098,29.90167,75.78307,3.1,npp,2023-10-30,13:M3:11,VF375,PB,SANGRUR
1099,30.9547,75.28075,6.7,npp,2023-10-30,13:M3:11,VF375,PB,MOGA
1100,29.88996,75.71268,8.4,npp,2023-10-30,13:M3:11,VF375,PB,MANSA
1101,29.94765,75.73694,3.8,npp,2023-10-30,13:M3:11,VF375,PB,SANGRUR
1102,30.82631,75.3676,5.3,npp,2023-10-30,13:M3:11,VF375,PB,MOGA
1103,29.94073,75.71091,19.4,npp,2023-10-30,13:M3:11,VF375,PB,SANGRUR
1104,29.81612,75.7428,7.8,npp,2023-10-30,13:M3:11,VF375,PB,SANGRUR
1105,29.83245,75.73389,13.7,npp,2023-10-30,13:M3:11,VF375,PB,MANSA
1106,30.74537,75.23823,6.2,npp,2023-10-30,13:M3:11,VF375,PB,MOGA
1107,29.90668,75.63028,3.2,npp,2023-10-30,13:M3:11,VF375,PB,MANSA
1108,31.09444,75.23151,3.7,npp,2023-10-30,13:M3:11,VF375,PB,JALANDHAR
1109,29.83516,75.76047,4.4,npp,2023-10-30,13:M3:11,VF375,PB,MANSA
1111,31.31916,75.30115,7.8,npp,2023-10-30,13:M3:11,VF375,PB,KAPURTHALA
1112,29.8106,75.81105,13.4,npp,2023-10-30,13:M3:11,VF375,PB,SANGRUR
1113,30.75055,75.32941,3.7,npp,2023-10-30,13:M3:11,VF375,PB,MOGA
1114,29.84855,75.64258,2.8,npp,2023-10-30,13:M3:11,VF375,PB,MANSA
1115,29.85115,75.42809,6.5,npp,2023-10-30,13:M3:11,VF375,PB,MANSA
1116,29.99319,75.18774,5.4,npp,2023-10-30,13:M3:11,VF375,PB,BATHINDA
1117,29.767,75.33105,8.0,npp,2023-10-30,13:M3:11,VF375,PB,MANSA
1119,31.30915,75.20457,3.9,npp,2023-10-30,13:M3:11,VF375,PB,KAPURTHALA
1121,31.27097,75.03913,3.0,npp,2023-10-30,13:M3:11,VF375,PB,TARN TARAN
1122,29.84966,75.5324,2.9,npp,2023-10-30,13:M3:11,VF375,PB,MANSA
1123,31.2266,75.03915,9.8,npp,2023-10-30,13:M3:11,VF375,PB,TARN TARAN
1124,31.22706,75.04343,9.8,npp,2023-10-30,13:M3:11,VF375,PB,TARN TARAN
1127,31.42327,75.23843,5.3,npp,2023-10-30,13:M3:11,VF375,PB,KAPURTHALA
1128,31.4191,75.23901,3.2,npp,2023-10-30,13:M3:11,VF375,PB,KAPURTHALA
1129,30.91151,75.28181,5.4,npp,2023-10-30,13:M3:11,VF375,PB,MOGA
1130,31.46859,75.18757,2.7,npp,2023-10-30,13:M3:11,VF375,PB,TARN TARAN
1131,31.47012,75.18832,3.0,npp,2023-10-30,13:M3:11,VF375,PB,TARN TARAN
1132,29.66592,75.20234,2.3,npp,2023-10-30,13:M3:11,VF375,PB,MANSA
1133,29.7883,75.30863,2.8,npp,2023-10-30,13:M3:11,VF375,PB,MANSA
1134,31.47526,75.3301,13.2,npp,2023-10-30,13:M3:11,VF375,PB,KAPURTHALA
1135,31.21611,75.05801,2.3,npp,2023-10-30,13:M3:11,VF375,PB,TARN TARAN
1136,31.32442,75.14952,2.2,npp,2023-10-30,13:M3:11,VF375,PB,KAPURTHALA
1137,31.36369,75.1095,7.0,npp,2023-10-30,13:M3:11,VF375,PB,TARN TARAN
1138,31.23537,75.31935,4.1,npp,2023-10-30,13:M3:11,VF375,PB,KAPURTHALA
1139,31.27107,75.00024,2.7,npp,2023-10-30,13:M3:11,VF375,PB,TARN TARAN
1140,31.29339,75.01436,5.6,npp,2023-10-30,13:M3:11,VF375,PB,TARN TARAN
1141,29.87276,75.5907,2.7,npp,2023-10-30,13:M3:11,VF375,PB,MANSA
1142,31.27508,75.03855,3.0,npp,2023-10-30,13:M3:11,VF375,PB,TARN TARAN
1143,29.70508,75.29739,4.0,npp,2023-10-30,13:M3:11,VF375,PB,MANSA
1144,31.03413,75.31406,1.6,npp,2023-10-30,13:M3:11,VF375,PB,JALANDHAR
1145,31.32901,75.0353,2.4,npp,2023-10-30,13:M3:11,VF375,PB,TARN TARAN
1146,29.81032,75.55972,12.6,npp,2023-10-30,13:M3:11,VF375,PB,MANSA
1147,31.1662,75.22227,4.4,npp,2023-10-30,13:M3:11,VF375,PB,JALANDHAR
1148,31.16205,75.22285,6.8,npp,2023-10-30,13:M3:11,VF375,PB,JALANDHAR
1149,29.80562,75.60658,2.6,npp,2023-10-30,13:M3:11,VF375,PB,MANSA
1150,29.89921,75.60031,1.8,npp,2023-10-30,13:M3:11,VF375,PB,MANSA
1151,31.25085,75.04631,8.9,npp,2023-10-30,13:M3:11,VF375,PB,TARN TARAN
1152,31.26319,75.04456,9.8,npp,2023-10-30,13:M3:11,VF375,PB,TARN TARAN
1154,29.83077,75.16403,2.9,npp,2023-10-30,13:M3:11,VF375,PB,BATHINDA
1157,29.95706,75.42241,8.8,npp,2023-10-30,13:M3:11,VF375,PB,MANSA
1158,29.95745,75.50495,2.6,npp,2023-10-30,13:M3:11,VF375,PB,MANSA
1159,29.91781,74.98665,4.7,npp,2023-10-30,13:M3:11,VF375,PB,BATHINDA
1160,29.91737,74.98263,4.7,npp,2023-10-30,13:M3:11,VF375,PB,BATHINDA
1161,29.97581,74.9868,8.4,npp,2023-10-30,13:M3:11,VF375,PB,BATHINDA
